song_id,artist_name,song_name,popularity,energy,valence,danceability,explicit,loudness,duration_ms
Alicia Keys - Empire State of Mind (Part II) Broken Down,Alicia Keys,Empire State of Mind (Part II) Broken Down,72,0.368,0.142,0.484,0,-7.784,216480
Alicia Keys - Fallin',Alicia Keys,Fallin',77,0.609,0.482,0.652,0,-7.519,210200
Alicia Keys - If I Ain't Got You,Alicia Keys,If I Ain't Got You,83,0.444,0.166,0.609,0,-9.129,228706
Alicia Keys - No One,Alicia Keys,No One,77,0.549,0.167,0.644,0,-5.415,253813
Alicia Keys - Un-thinkable (I'm Ready),Alicia Keys,Un-thinkable (I'm Ready),69,0.505,0.335,0.596,0,-7.892,249240
Alicia Keys - Underdog,Alicia Keys,Underdog,64,0.726,0.282,0.657,0,-4.74,204400
Alicia Keys - You Don't Know My Name,Alicia Keys,You Don't Know My Name,68,0.663,0.249,0.264,0,-8.264,366733
Aretha Franklin - (You Make Me Feel Like) A Natural Woman,Aretha Franklin,(You Make Me Feel Like) A Natural Woman,70,0.271,0.405,0.603,0,-10.083,165333
Aretha Franklin - Chain of Fools,Aretha Franklin,Chain of Fools,63,0.567,0.914,0.721,0,-9.516,167066
Aretha Franklin - Day Dreaming,Aretha Franklin,Day Dreaming,60,0.338,0.253,0.446,0,-12.372,240973
Aretha Franklin - I Knew You Were Waiting (For Me),Aretha Franklin,I Knew You Were Waiting (For Me),63,0.842,0.712,0.705,0,-6.171,240120
Aretha Franklin - I Say a Little Prayer,Aretha Franklin,I Say a Little Prayer,77,0.355,0.499,0.592,0,-14.051,216773
Aretha Franklin - One Step Ahead,Aretha Franklin,One Step Ahead,54,0.308,0.63,0.386,0,-7.237,155800
Aretha Franklin - Respect,Aretha Franklin,Respect,77,0.558,0.965,0.805,0,-5.226,147600
Aretha Franklin - Son of a Preacher Man,Aretha Franklin,Son of a Preacher Man,58,0.473,0.559,0.477,0,-11.454,199266
Aretha Franklin - Think,Aretha Franklin,Think,67,0.838,0.711,0.653,0,-5.595,195306
Aretha Franklin - You Send Me,Aretha Franklin,You Send Me,63,0.303,0.629,0.512,0,-13.547,149626
Ariana Grande - bye,Ariana Grande,bye,88,0.662,0.436,0.64,0,-4.856,164927
Ariana Grande - don't wanna break up again,Ariana Grande,don't wanna break up again,85,0.729,0.532,0.512,1,-5.224,174006
Ariana Grande - eternal sunshine,Ariana Grande,eternal sunshine,87,0.503,0.315,0.658,0,-6.885,210200
Ariana Grande - intro (end of the world),Ariana Grande,intro (end of the world),90,0.37,0.354,0.475,1,-9.471,92400
Ariana Grande - supernatural,Ariana Grande,supernatural,86,0.708,0.554,0.591,0,-6.84,163381
Ariana Grande - the boy is mine,Ariana Grande,the boy is mine,90,0.631,0.408,0.787,1,-5.829,173639
Ariana Grande - we can't be friends (wait for your love),Ariana Grande,we can't be friends (wait for your love),96,0.638,0.307,0.646,0,-8.285,228639
"Ariana Grande - yes, and?",Ariana Grande,"yes, and?",86,0.761,0.795,0.785,1,-6.55,214994
Barbra Streisand - Don't Rain On My Parade,Barbra Streisand,Don't Rain On My Parade,51,0.598,0.297,0.355,0,-12.004,221173
"Barbra Streisand - Evergreen (Love Theme from ""A Star Is Born"")",Barbra Streisand,"Evergreen (Love Theme from ""A Star Is Born"")",60,0.303,0.186,0.335,0,-10.943,184800
Barbra Streisand - Guilty (feat. Barry Gibb),Barbra Streisand,Guilty (feat. Barry Gibb),64,0.697,0.935,0.655,0,-6.27,268600
Barbra Streisand - I Finally Found Someone (feat. Bryan Adams),Barbra Streisand,I Finally Found Someone (feat. Bryan Adams),64,0.428,0.0562,0.534,0,-7.45,221760
Barbra Streisand - Memory,Barbra Streisand,Memory,55,0.24,0.11,0.185,0,-14.889,235160
Barbra Streisand - The Way We Were,Barbra Streisand,The Way We Were,62,0.278,0.152,0.255,0,-15.89,209493
Barbra Streisand - What Kind of Fool (feat. Barry Gibb),Barbra Streisand,What Kind of Fool (feat. Barry Gibb),56,0.245,0.143,0.511,0,-16.755,245640
Barbra Streisand - Woman in Love,Barbra Streisand,Woman in Love,69,0.278,0.331,0.469,0,-16.311,231840
Barbra Streisand - You Don't Bring Me Flowers,Barbra Streisand,You Don't Bring Me Flowers,55,0.0739,0.0958,0.3,0,-19.674,237733
Barry Manilow - Can't Smile Without You,Barry Manilow,Can't Smile Without You,63,0.431,0.453,0.383,0,-14.272,193302
Barry Manilow - Copacabana (At the Copa),Barry Manilow,Copacabana (At the Copa),70,0.665,0.803,0.763,0,-7.914,241346
Barry Manilow - Copacabana (At the Copa) - Long Version,Barry Manilow,Copacabana (At the Copa) - Long Version,47,0.816,0.791,0.678,0,-10.116,345986
Barry Manilow - Even Now,Barry Manilow,Even Now,51,0.266,0.266,0.382,0,-9.342,217013
Barry Manilow - I Write the Songs,Barry Manilow,I Write the Songs,54,0.417,0.331,0.267,0,-8.79,235800
Barry Manilow - Looks Like We Made It,Barry Manilow,Looks Like We Made It,49,0.265,0.486,0.373,0,-9.61,212360
Barry Manilow - Mandy,Barry Manilow,Mandy,69,0.335,0.212,0.474,0,-9.271,203226
Barry Manilow - Somewhere Down The Road,Barry Manilow,Somewhere Down The Road,42,0.261,0.252,0.317,0,-12.606,243400
Barry Manilow - Weekend in New England,Barry Manilow,Weekend in New England,50,0.397,0.244,0.245,0,-6.997,226920
Bee Gees - To Love Somebody,Bee Gees,To Love Somebody,70,0.384,0.521,0.423,0,-12.503,182000
Bee Gees - Too Much Heaven,Bee Gees,Too Much Heaven,69,0.439,0.353,0.495,0,-13.212,296000
Bee Gees - Tragedy,Bee Gees,Tragedy,68,0.532,0.81,0.665,0,-10.793,303333
Bee Gees - You Should Be Dancing,Bee Gees,You Should Be Dancing,71,0.716,0.963,0.681,0,-10.911,256493
Billy Joel - It's Still Rock and Roll to Me,Billy Joel,It's Still Rock and Roll to Me,72,0.684,0.539,0.752,0,-7.599,176440
Billy Joel - Just the Way You Are,Billy Joel,Just the Way You Are,72,0.453,0.513,0.589,0,-8.912,290573
Billy Joel - Movin' Out (Anthony's Song),Billy Joel,Movin' Out (Anthony's Song),69,0.88,0.895,0.664,0,-5.009,210760
Billy Joel - My Life,Billy Joel,My Life,73,0.647,0.804,0.741,0,-12.878,284000
Billy Joel - Only the Good Die Young,Billy Joel,Only the Good Die Young,69,0.872,0.761,0.579,0,-6.126,235560
Billy Joel - Piano Man,Billy Joel,Piano Man,79,0.477,0.405,0.334,0,-8.806,336200
Billy Joel - She's Always a Woman,Billy Joel,She's Always a Woman,77,0.324,0.384,0.292,0,-11.996,201373
Billy Joel - Uptown Girl,Billy Joel,Uptown Girl,85,0.944,0.792,0.701,0,-2.986,197706
Billy Joel - Vienna,Billy Joel,Vienna,84,0.495,0.308,0.532,0,-6.662,214240
Billy Joel - We Didn't Start the Fire,Billy Joel,We Didn't Start the Fire,79,0.967,0.895,0.712,0,-5.206,287733
Bobby Darin - Beyond the Sea,Bobby Darin,Beyond the Sea,70,0.513,0.546,0.467,0,-10.703,173299
Bobby Darin - Call Me Irresponsible - 2001 Remaster,Bobby Darin,Call Me Irresponsible - 2001 Remaster,61,0.347,0.644,0.607,0,-12.241,124560
Bobby Darin - Dream Lover,Bobby Darin,Dream Lover,58,0.62,0.74,0.459,0,-5.244,133109
Bobby Darin - I'm Beginning To See The Light - 2001 Digital Remaster,Bobby Darin,I'm Beginning To See The Light - 2001 Digital Remaster,53,0.31,0.578,0.486,0,-12.075,138600
Bobby Darin - It Had to Be You,Bobby Darin,It Had to Be You,50,0.343,0.609,0.457,0,-11.509,133212
Bobby Darin - Mack the Knife,Bobby Darin,Mack the Knife,61,0.49,0.542,0.564,0,-10.689,190532
Bobby Darin - More - 2001 Remaster,Bobby Darin,More - 2001 Remaster,50,0.52,0.682,0.518,0,-9.128,145240
Bobby Darin - More - Remastered 2004,Bobby Darin,More - Remastered 2004,63,0.484,0.691,0.498,0,-8.74,145933
Bobby Darin - Splish Splash,Bobby Darin,Splish Splash,59,0.94,0.97,0.63,0,-3.896,128451
Bobby Darin - Things,Bobby Darin,Things,45,0.556,0.849,0.647,0,-6.118,146516
Bobby Vinton - Blue Velvet,Bobby Vinton,Blue Velvet,53,0.2,0.241,0.38,0,-10.825,167213
Bobby Vinton - I Love How You Love Me,Bobby Vinton,I Love How You Love Me,47,0.169,0.222,0.249,0,-16.327,149866
Bobby Vinton - I Love You the Way You Are,Bobby Vinton,I Love You the Way You Are,40,0.307,0.417,0.362,0,-8.245,172000
Bobby Vinton - Mr. Lonely,Bobby Vinton,Mr. Lonely,47,0.327,0.302,0.206,0,-10.547,162546
Bobby Vinton - My Heart Belongs to Only You,Bobby Vinton,My Heart Belongs to Only You,38,0.312,0.425,0.382,0,-13.308,162066
Bobby Vinton - Over the Mountain Across the Sea,Bobby Vinton,Over the Mountain Across the Sea,39,0.15,0.32,0.405,0,-16.083,145440
Bobby Vinton - Please Love Me Forever,Bobby Vinton,Please Love Me Forever,39,0.156,0.308,0.452,0,-16.838,154706
Bobby Vinton - Roses Are Red (My Love),Bobby Vinton,Roses Are Red (My Love),44,0.251,0.607,0.455,0,-10.065,159693
Bobby Vinton - Sealed with a Kiss,Bobby Vinton,Sealed with a Kiss,50,0.358,0.648,0.255,0,-12.196,168493
Bobby Vinton - There! I've Said It Again,Bobby Vinton,There! I've Said It Again,37,0.247,0.348,0.221,0,-11.821,141000
Bon Jovi - Bad Medicine,Bon Jovi,Bad Medicine,71,0.973,0.805,0.555,0,-3.804,316706
Bon Jovi - Bed Of Roses,Bon Jovi,Bed Of Roses,74,0.596,0.161,0.309,0,-5.599,394400
Bon Jovi - I'll Be There For You,Bon Jovi,I'll Be There For You,69,0.727,0.233,0.437,0,-5.432,346586
Bon Jovi - It's My Life,Bon Jovi,It's My Life,82,0.913,0.544,0.551,0,-4.063,224493
Bon Jovi - Livin' On A Prayer,Bon Jovi,Livin' On A Prayer,87,0.887,0.795,0.532,0,-3.757,249293
Bon Jovi - Never Say Goodbye,Bon Jovi,Never Say Goodbye,68,0.797,0.271,0.326,0,-2.359,288933
Bon Jovi - Runaway,Bon Jovi,Runaway,75,0.902,0.622,0.473,0,-5.052,231689
Bon Jovi - Wanted Dead Or Alive,Bon Jovi,Wanted Dead Or Alive,75,0.802,0.253,0.252,0,-3.976,308666
Bon Jovi - You Give Love A Bad Name,Bon Jovi,You Give Love A Bad Name,84,0.96,0.812,0.541,0,-2.947,222706
Boyz II Men - 4 Seasons Of Loneliness,Boyz II Men,4 Seasons Of Loneliness,46,0.488,0.191,0.583,0,-10.494,292400
Boyz II Men - A Song For Mama,Boyz II Men,A Song For Mama,51,0.44,0.151,0.569,0,-8.948,303373
Boyz II Men - Doin' Just Fine,Boyz II Men,Doin' Just Fine,48,0.424,0.257,0.633,0,-5.965,332200
Boyz II Men - End Of The Road,Boyz II Men,End Of The Road,72,0.579,0.55,0.561,0,-6.022,349640
Boyz II Men - I'll Make Love To You,Boyz II Men,I'll Make Love To You,63,0.494,0.233,0.564,0,-8.028,238800
Boyz II Men - It's So Hard To Say Goodbye To Yesterday,Boyz II Men,It's So Hard To Say Goodbye To Yesterday,47,0.225,0.294,0.3,0,-11.079,168626
Boyz II Men - Motownphilly,Boyz II Men,Motownphilly,60,0.943,0.832,0.707,0,-5.32,235413
Boyz II Men - On Bended Knee,Boyz II Men,On Bended Knee,57,0.513,0.181,0.632,0,-8.263,331066
Boyz II Men - Water Runs Dry,Boyz II Men,Water Runs Dry,55,0.368,0.514,0.583,0,-12.941,201573
Brenda Lee - All Alone Am I,Brenda Lee,All Alone Am I,48,0.269,0.341,0.259,0,-10.251,164266
Brenda Lee - Break It To Me Gently,Brenda Lee,Break It To Me Gently,56,0.143,0.535,0.353,0,-15.268,157733
Brenda Lee - Danke Schoen,Brenda Lee,Danke Schoen,46,0.325,0.681,0.619,0,-10.679,159533
Brenda Lee - Emotions,Brenda Lee,Emotions,66,0.368,0.49,0.466,0,-8.811,170920
Brenda Lee - I'm Sorry,Brenda Lee,I'm Sorry,57,0.256,0.389,0.529,0,-11.591,158973
Brenda Lee - If You Love Me (Really Love Me),Brenda Lee,If You Love Me (Really Love Me),49,0.389,0.403,0.419,0,-8.547,158533
Brenda Lee - Rockin' Around The Christmas Tree,Brenda Lee,Rockin' Around The Christmas Tree,65,0.373,0.864,0.665,0,-12.982,125866
Brenda Lee - Sweet Nothin's,Brenda Lee,Sweet Nothin's,56,0.473,0.961,0.758,0,-8.602,145066
Brenda Lee - The End Of The World,Brenda Lee,The End Of The World,46,0.185,0.305,0.334,0,-11.612,188493
Bruce Springsteen - Born in the U.S.A.,Bruce Springsteen,Born in the U.S.A.,74,0.952,0.584,0.398,0,-6.042,278680
Bruce Springsteen - Born to Run,Bruce Springsteen,Born to Run,72,0.944,0.606,0.27,0,-4.199,269920
Bruce Springsteen - Dancing In the Dark,Bruce Springsteen,Dancing In the Dark,83,0.942,0.495,0.527,0,-5.64,241306
Bruce Springsteen - Glory Days,Bruce Springsteen,Glory Days,71,0.95,0.0671,0.179,0,-4.937,473560
Bruce Springsteen - Hungry Heart,Bruce Springsteen,Hungry Heart,71,0.785,0.373,0.341,0,-6.229,206946
Bruce Springsteen - I'm On Fire,Bruce Springsteen,I'm On Fire,80,0.446,0.868,0.62,0,-14.451,155880
Bruce Springsteen - The River,Bruce Springsteen,The River,66,0.536,0.59,0.587,0,-11.248,301546
Bruce Springsteen - Thunder Road,Bruce Springsteen,Thunder Road,64,0.758,0.663,0.369,0,-5.871,288720
Bruno Mars - Grenade,Bruno Mars,Grenade,79,0.558,0.245,0.704,0,-7.273,222091
Bruno Mars - Just the Way You Are,Bruno Mars,Just the Way You Are,86,0.841,0.424,0.635,0,-5.379,220734
Bruno Mars - Leave The Door Open,Bruno Mars,Leave The Door Open,81,0.616,0.719,0.586,0,-7.964,242096
Bruno Mars - Locked out of Heaven,Bruno Mars,Locked out of Heaven,90,0.698,0.867,0.726,0,-4.165,233478
Bruno Mars - Marry You,Bruno Mars,Marry You,76,0.82,0.452,0.621,0,-4.865,230192
Bruno Mars - Talking to the Moon,Bruno Mars,Talking to the Moon,84,0.59,0.0784,0.498,0,-4.721,217866
Bruno Mars - That's What I Like,Bruno Mars,That's What I Like,88,0.56,0.86,0.853,0,-4.961,206693
Bruno Mars - The Lazy Song,Bruno Mars,The Lazy Song,73,0.711,0.955,0.794,0,-5.124,189109
Bruno Mars - When I Was Your Man,Bruno Mars,When I Was Your Man,88,0.28,0.387,0.612,0,-8.648,213826
Bryan Adams - (Everything I Do) I Do It For You,Bryan Adams,(Everything I Do) I Do It For You,65,0.365,0.253,0.526,0,-12.605,394133
"Bryan Adams - Have You Ever Really Loved A Woman? - From ""Don Juan DeMarco"" Soundtrack",Bryan Adams,"Have You Ever Really Loved A Woman? - From ""Don Juan DeMarco"" Soundtrack",70,0.478,0.358,0.57,0,-10.185,291666
Bryan Adams - Heaven,Bryan Adams,Heaven,79,0.589,0.335,0.382,0,-7.315,243360
Bryan Adams - It's Only Love,Bryan Adams,It's Only Love,61,0.805,0.743,0.515,0,-4.491,194618
Bryan Adams - Run To You,Bryan Adams,Run To You,73,0.811,0.635,0.561,0,-6.157,233270
Bryan Adams - Straight From The Heart,Bryan Adams,Straight From The Heart,67,0.237,0.366,0.587,0,-18.466,211933
Bryan Adams - Summer Of '69,Bryan Adams,Summer Of '69,84,0.834,0.774,0.508,0,-6.205,216053
Bryan Adams - When You're Gone,Bryan Adams,When You're Gone,70,0.931,0.643,0.546,0,-6.344,204893
Carpenters - (They Long To Be) Close To You,Carpenters,(They Long To Be) Close To You,64,0.312,0.309,0.542,0,-8.895,220706
Carpenters - I Won't Last A Day Without You,Carpenters,I Won't Last A Day Without You,67,0.221,0.459,0.453,0,-13.192,232533
Carpenters - Love Me For What I Am,Carpenters,Love Me For What I Am,63,0.181,0.265,0.362,0,-15.216,210266
Carpenters - Please Mr. Postman,Carpenters,Please Mr. Postman,66,0.547,0.964,0.664,0,-11.594,172733
Carpenters - Rainy Days And Mondays,Carpenters,Rainy Days And Mondays,63,0.441,0.309,0.466,0,-5.508,216746
Carpenters - Superstar,Carpenters,Superstar,60,0.447,0.0968,0.363,0,-5.582,231293
Carpenters - There's A Kind Of Hush,Carpenters,There's A Kind Of Hush,50,0.403,0.9,0.729,0,-13.801,177426
Carpenters - Top Of The World,Carpenters,Top Of The World,68,0.644,0.714,0.425,0,-6.054,179120
Carpenters - We've Only Just Begun,Carpenters,We've Only Just Begun,57,0.321,0.301,0.41,0,-11.771,185160
Carpenters - Yesterday Once More,Carpenters,Yesterday Once More,68,0.483,0.159,0.278,0,-6.912,236760
Cher - After All (Love Theme From Chances Are),Cher,After All (Love Theme From Chances Are),67,0.335,0.163,0.517,0,-13.104,244360
Cher - Believe,Cher,Believe,78,0.916,0.458,0.653,0,-6.72,239026
Cher - Fernando,Cher,Fernando,47,0.663,0.569,0.404,0,-5.574,237093
"Cher - Gypsys, Tramps & Thieves",Cher,"Gypsys, Tramps & Thieves",57,0.677,0.691,0.476,0,-11.175,158000
Cher - If I Could Turn Back Time,Cher,If I Could Turn Back Time,75,0.575,0.504,0.658,0,-10.365,239826
Cher - Just Like Jesse James,Cher,Just Like Jesse James,61,0.563,0.442,0.4,0,-10.233,245733
Cher - Strong Enough,Cher,Strong Enough,67,0.923,0.585,0.589,0,-6.19,224000
Cher - The Shoop Shoop Song (It's In His Kiss),Cher,The Shoop Shoop Song (It's In His Kiss),70,0.61,0.919,0.678,0,-10.509,170000
Cher - Walking in Memphis,Cher,Walking in Memphis,46,0.679,0.527,0.696,0,-7.363,235493
Chicago - 25 or 6 to 4 - 2002 Remaster,Chicago,25 or 6 to 4 - 2002 Remaster,66,0.905,0.723,0.604,0,-7.059,289800
"Chicago - Baby, What a Big Surprise - Edit",Chicago,"Baby, What a Big Surprise - Edit",54,0.451,0.396,0.42,0,-4.351,183666
Chicago - Hard Habit to Break - 2006 Remaster,Chicago,Hard Habit to Break - 2006 Remaster,58,0.612,0.402,0.584,0,-5.833,283733
Chicago - Hard to Say I'm Sorry / Get Away - 2006 Remaster,Chicago,Hard to Say I'm Sorry / Get Away - 2006 Remaster,71,0.57,0.234,0.398,0,-7.068,304213
Chicago - If You Leave Me Now,Chicago,If You Leave Me Now,77,0.563,0.275,0.434,0,-6.784,235373
Chicago - Look Away - 2009 Remaster,Chicago,Look Away - 2009 Remaster,53,0.545,0.201,0.553,0,-7.278,242960
Chicago - Saturday in the Park - 2002 Remaster,Chicago,Saturday in the Park - 2002 Remaster,63,0.763,0.61,0.67,0,-6.864,235666
Chicago - Will You Still Love Me? - Alternate,Chicago,Will You Still Love Me? - Alternate,57,0.601,0.348,0.482,0,-6.808,253280
Chicago - You're the Inspiration - 2006 Remaster,Chicago,You're the Inspiration - 2006 Remaster,75,0.602,0.388,0.583,0,-6.364,229240
Chris Brown - Angel Numbers / Ten Toes,Chris Brown,Angel Numbers / Ten Toes,84,0.5,0.0905,0.406,1,-8.452,306847
Chris Brown - Go Crazy,Chris Brown,Go Crazy,75,0.578,0.581,0.755,1,-8.932,176960
Chris Brown - Loyal (feat. Lil Wayne & Tyga),Chris Brown,Loyal (feat. Lil Wayne & Tyga),76,0.522,0.616,0.841,1,-5.963,264946
Chris Brown - No Guidance (feat. Drake),Chris Brown,No Guidance (feat. Drake),78,0.454,0.136,0.696,1,-6.756,260640
Chris Brown - Sensational (feat. Davido & Lojay),Chris Brown,Sensational (feat. Davido & Lojay),73,0.609,0.797,0.774,1,-7.077,231109
Chris Brown - Under The Influence,Chris Brown,Under The Influence,85,0.69,0.31,0.733,1,-5.529,184613
Chris Brown - With You,Chris Brown,With You,77,0.693,0.655,0.662,0,-4.298,252120
Chubby Checker - Dancin' Party,Chubby Checker,Dancin' Party,46,0.903,0.97,0.664,0,-4.389,128000
Chubby Checker - Let's Twist Again,Chubby Checker,Let's Twist Again,69,0.74,0.961,0.61,0,-8.515,139200
Chubby Checker - Limbo Rock,Chubby Checker,Limbo Rock,46,0.804,0.968,0.775,0,-4.911,144520
Chubby Checker - Pony Time,Chubby Checker,Pony Time,41,0.587,0.961,0.488,0,-8.492,150840
Chubby Checker - Slow Twistin',Chubby Checker,Slow Twistin',40,0.711,0.905,0.753,0,-5.181,153040
Chubby Checker - The Hucklebuck,Chubby Checker,The Hucklebuck,42,0.618,0.924,0.538,0,-8.651,153826
Chubby Checker - The Twist,Chubby Checker,The Twist,64,0.573,0.953,0.507,0,-8.064,156773
Commodores - Brick House,Commodores,Brick House,67,0.782,0.631,0.831,0,-10.48,208893
Commodores - Easy,Commodores,Easy,79,0.384,0.354,0.589,0,-15.075,256426
Commodores - Lady (You Bring Me Up),Commodores,Lady (You Bring Me Up),57,0.593,0.867,0.892,0,-9.429,293226
Commodores - Machine Gun,Commodores,Machine Gun,51,0.97,0.778,0.741,0,-6.364,159466
Commodores - Nightshift,Commodores,Nightshift,66,0.559,0.393,0.727,0,-10.194,306560
Commodores - Sail On,Commodores,Sail On,54,0.334,0.451,0.487,0,-18.35,332186
Commodores - Still,Commodores,Still,52,0.0557,0.237,0.293,0,-21.031,347093
Commodores - Three Times A Lady,Commodores,Three Times A Lady,57,0.094,0.0788,0.487,0,-19.555,398506
Commodores - Zoom,Commodores,Zoom,50,0.314,0.573,0.475,0,-13.08,404133
Connie Francis - Everybody's Somebody's Fool,Connie Francis,Everybody's Somebody's Fool,51,0.737,0.753,0.584,0,-4.643,157880
Connie Francis - Fallin',Connie Francis,Fallin',43,0.678,0.876,0.594,0,-7.621,133533
Connie Francis - Lipstick On Your Collar,Connie Francis,Lipstick On Your Collar,45,0.884,0.901,0.538,0,-7.74,138933
Connie Francis - Stupid Cupid,Connie Francis,Stupid Cupid,57,0.794,0.968,0.609,0,-4.739,133746
Connie Francis - Where The Boys Are,Connie Francis,Where The Boys Are,48,0.408,0.378,0.366,0,-4.85,157586
Connie Francis - Who's Sorry Now,Connie Francis,Who's Sorry Now,59,0.326,0.443,0.522,0,-6.448,136626
Connie Francis - You're Gonna Miss Me,Connie Francis,You're Gonna Miss Me,52,0.262,0.421,0.327,0,-9.49,164413
"Destiny's Child - Bills, Bills, Bills",Destiny's Child,"Bills, Bills, Bills",72,0.587,0.449,0.849,0,-5.192,256026
Destiny's Child - Bootylicious,Destiny's Child,Bootylicious,65,0.833,0.586,0.835,0,-4.364,207733
Destiny's Child - Brown Eyes,Destiny's Child,Brown Eyes,63,0.573,0.313,0.566,0,-7.21,276093
Destiny's Child - Cater 2 U,Destiny's Child,Cater 2 U,61,0.584,0.464,0.605,0,-7.043,245400
"Destiny's Child - Independent Women, Pt. 1",Destiny's Child,"Independent Women, Pt. 1",66,0.598,0.922,0.517,0,-3.751,221626
"Destiny's Child - Jumpin', Jumpin'",Destiny's Child,"Jumpin', Jumpin'",72,0.677,0.684,0.775,0,-4.632,230200
Destiny's Child - Lose My Breath,Destiny's Child,Lose My Breath,63,0.899,0.545,0.814,0,-5.958,242013
Destiny's Child - Say My Name,Destiny's Child,Say My Name,82,0.676,0.746,0.522,0,-3.571,271333
Destiny's Child - Soldier (feat. T.I. & Lil' Wayne),Destiny's Child,Soldier (feat. T.I. & Lil' Wayne),62,0.417,0.904,0.878,0,-6.799,325573
Destiny's Child - Survivor,Destiny's Child,Survivor,71,0.904,0.655,0.524,0,-2.071,254040
Diana Ross - Chain Reaction,Diana Ross,Chain Reaction,44,0.6,0.756,0.806,0,-9.642,227880
Diana Ross - I'm Coming Out,Diana Ross,I'm Coming Out,71,0.828,0.768,0.72,0,-9.211,323346
"Diana Ross - Stop, Look, Listen (To Your Heart)",Diana Ross,"Stop, Look, Listen (To Your Heart)",54,0.383,0.556,0.592,0,-10.929,177786
Diana Ross - The Boss,Diana Ross,The Boss,56,0.905,0.825,0.639,0,-4.215,241333
Diana Ross - Theme From Mahogany (Do You Know Where You're Going To) - Single Version,Diana Ross,Theme From Mahogany (Do You Know Where You're Going To) - Single Version,48,0.304,0.327,0.324,0,-15.007,203226
Diana Ross - Touch Me In The Morning,Diana Ross,Touch Me In The Morning,54,0.408,0.507,0.423,0,-12.256,206866
Diana Ross - Upside Down,Diana Ross,Upside Down,70,0.855,0.884,0.873,0,-8.559,245600
Diana Ross - You Are Everything,Diana Ross,You Are Everything,56,0.525,0.495,0.521,0,-9.581,190440
"Dion - Abraham, Martin And John",Dion,"Abraham, Martin And John",45,0.285,0.176,0.474,0,-8.398,178706
Dion - Dancing Girl,Dion,Dancing Girl,38,0.852,0.812,0.758,0,-3.402,252400
Dion - Donna the Prima Donna,Dion,Donna the Prima Donna,41,0.556,0.939,0.331,0,-10.672,168346
Dion - Dream Lover,Dion,Dream Lover,54,0.525,0.891,0.358,0,-10.077,138666
Dion - Life Is But A Dream,Dion,Life Is But A Dream,41,0.33,0.473,0.195,0,-11.291,155893
Dion - Lovers Who Wander,Dion,Lovers Who Wander,43,0.701,0.616,0.56,0,-6.572,237573
Dion - Only You Know,Dion,Only You Know,44,0.595,0.607,0.576,0,-10.517,285613
Dion - Ruby Baby,Dion,Ruby Baby,36,0.778,0.712,0.637,0,-4.921,288146
Dion - Runaround Sue,Dion,Runaround Sue,71,0.906,0.708,0.648,0,-3.653,268933
Dion - The Wanderer,Dion,The Wanderer,65,0.817,0.886,0.645,0,-2.908,192026
Dionne Warwick - Anyone Who Had a Heart,Dionne Warwick,Anyone Who Had a Heart,46,0.298,0.294,0.482,0,-10.24,185341
Dionne Warwick - Do You Know the Way to San Jose,Dionne Warwick,Do You Know the Way to San Jose,50,0.792,0.907,0.746,0,-5.867,335666
Dionne Warwick - Heartbreaker,Dionne Warwick,Heartbreaker,60,0.514,0.803,0.671,0,-13.561,258266
Dionne Warwick - I Say a Little Prayer,Dionne Warwick,I Say a Little Prayer,52,0.415,0.714,0.512,0,-7.642,188360
Dionne Warwick - I'll Never Fall in Love Again,Dionne Warwick,I'll Never Fall in Love Again,60,0.339,0.756,0.676,0,-13.805,174840
Dionne Warwick - I'll Never Love This Way Again,Dionne Warwick,I'll Never Love This Way Again,64,0.511,0.359,0.61,0,-5.634,260000
Dionne Warwick - Raindrops Keep Falling on My Head,Dionne Warwick,Raindrops Keep Falling on My Head,47,0.157,0.378,0.691,0,-13.711,179040
"Dionne Warwick - That's What Friends Are For (with Elton John, Gladys Knight & Stevie Wonder)",Dionne Warwick,"That's What Friends Are For (with Elton John, Gladys Knight & Stevie Wonder)",56,0.242,0.169,0.68,0,-16.264,255933
Dionne Warwick - Walk on By,Dionne Warwick,Walk on By,67,0.366,0.678,0.687,0,-8.916,170275
Dionne Warwick - What the World Needs Now (Is Love),Dionne Warwick,What the World Needs Now (Is Love),54,0.289,0.345,0.594,0,-12.747,189893
Donna Summer - Bad Girls,Donna Summer,Bad Girls,62,0.823,0.972,0.851,0,-9.28,295520
Donna Summer - Hot Stuff,Donna Summer,Hot Stuff,69,0.916,0.967,0.825,0,-7.011,315744
"Donna Summer - Hot Stuff - 12"" Version",Donna Summer,"Hot Stuff - 12"" Version",64,0.892,0.965,0.796,0,-8.31,407053
Donna Summer - I Feel Love,Donna Summer,I Feel Love,57,0.711,0.961,0.674,0,-15.581,355173
"Donna Summer - I Feel Love - 12"" Version",Donna Summer,"I Feel Love - 12"" Version",61,0.79,0.96,0.692,0,-14.065,495186
Donna Summer - She Works Hard For The Money,Donna Summer,She Works Hard For The Money,60,0.836,0.988,0.747,0,-7.821,319866
Donna Summer - This Time I Know It's for Real,Donna Summer,This Time I Know It's for Real,57,0.948,0.796,0.618,0,-4.974,219137
Drake - Fair Trade (with Travis Scott),Drake,Fair Trade (with Travis Scott),83,0.465,0.292,0.666,1,-8.545,291175
Drake - First Person Shooter (feat. J. Cole),Drake,First Person Shooter (feat. J. Cole),86,0.655,0.245,0.475,1,-7.342,247444
Drake - God's Plan,Drake,God's Plan,85,0.449,0.357,0.754,1,-9.211,198973
Drake - IDGAF (feat. Yeat),Drake,IDGAF (feat. Yeat),87,0.672,0.14,0.673,1,-8.577,260111
Drake - Jimmy Cooks (feat. 21 Savage),Drake,Jimmy Cooks (feat. 21 Savage),86,0.673,0.366,0.529,1,-4.711,218364
Drake - One Dance,Drake,One Dance,90,0.625,0.37,0.792,0,-5.609,173986
Drake - Passionfruit,Drake,Passionfruit,85,0.463,0.364,0.809,1,-11.377,298940
Drake - Rich Baby Daddy (feat. Sexyy Red & SZA),Drake,Rich Baby Daddy (feat. Sexyy Red & SZA),89,0.729,0.141,0.636,1,-4.495,319191
Duran Duran - Come Undone,Duran Duran,Come Undone,71,0.793,0.708,0.542,0,-8.203,256519
Duran Duran - Girls on Film - 2010 Remaster,Duran Duran,Girls on Film - 2010 Remaster,64,0.859,0.53,0.725,0,-6.208,212853
Duran Duran - Hungry Like the Wolf - 2009 Remaster,Duran Duran,Hungry Like the Wolf - 2009 Remaster,74,0.812,0.685,0.691,0,-7.772,220626
Duran Duran - INVISIBLE,Duran Duran,INVISIBLE,68,0.867,0.337,0.645,0,-2.326,191459
Duran Duran - Ordinary World,Duran Duran,Ordinary World,74,0.652,0.401,0.472,0,-10.171,340200
Duran Duran - Rio - 2009 Remaster,Duran Duran,Rio - 2009 Remaster,62,0.873,0.676,0.544,0,-7.425,337333
Duran Duran - Save a Prayer - 2009 Remaster,Duran Duran,Save a Prayer - 2009 Remaster,64,0.706,0.671,0.572,0,-8.707,333306
Duran Duran - The Reflex - Single Version; 2010 Remaster,Duran Duran,The Reflex - Single Version; 2010 Remaster,58,0.888,0.82,0.554,0,-6.664,267426
"Duran Duran - The Wild Boys - Live at Oakland Coliseum, Oakland, CA, 14/04/1984; 2004 Remaster",Duran Duran,"The Wild Boys - Live at Oakland Coliseum, Oakland, CA, 14/04/1984; 2004 Remaster",55,0.826,0.649,0.753,0,-7.128,258973
Eagles - Desperado - 2013 Remaster,Eagles,Desperado - 2013 Remaster,68,0.224,0.176,0.231,0,-12.749,213712
Eagles - Hotel California - 2013 Remaster,Eagles,Hotel California - 2013 Remaster,84,0.509,0.611,0.576,0,-9.485,391376
Eagles - Life in the Fast Lane - 2013 Remaster,Eagles,Life in the Fast Lane - 2013 Remaster,72,0.753,0.883,0.666,0,-7.245,286219
Eagles - Love Will Keep Us Alive,Eagles,Love Will Keep Us Alive,69,0.374,0.367,0.658,0,-11.684,243453
Eagles - Lyin' Eyes - 2013 Remaster,Eagles,Lyin' Eyes - 2013 Remaster,68,0.672,0.867,0.668,0,-9.752,381998
Eagles - New Kid in Town - 2013 Remaster,Eagles,New Kid in Town - 2013 Remaster,67,0.425,0.651,0.649,0,-9.811,304925
Eagles - One of These Nights - 2013 Remaster,Eagles,One of These Nights - 2013 Remaster,74,0.607,0.759,0.655,0,-10.384,291685
Eagles - Peaceful Easy Feeling - 2013 Remaster,Eagles,Peaceful Easy Feeling - 2013 Remaster,70,0.634,0.867,0.568,0,-12.336,257962
Eagles - Take It Easy - 2013 Remaster,Eagles,Take It Easy - 2013 Remaster,80,0.67,0.738,0.575,0,-10.39,211577
Eagles - Tequila Sunrise - 2013 Remaster,Eagles,Tequila Sunrise - 2013 Remaster,70,0.397,0.731,0.632,0,-12.855,173056
Ed Sheeran - Bad Habits,Ed Sheeran,Bad Habits,82,0.893,0.537,0.807,0,-3.745,230746
Ed Sheeran - Castle on the Hill,Ed Sheeran,Castle on the Hill,80,0.834,0.471,0.461,0,-4.868,261153
Ed Sheeran - Eyes Closed,Ed Sheeran,Eyes Closed,80,0.52,0.309,0.793,0,-7.457,194848
Ed Sheeran - Galway Girl,Ed Sheeran,Galway Girl,79,0.876,0.781,0.624,0,-3.374,170826
Ed Sheeran - Perfect,Ed Sheeran,Perfect,88,0.448,0.168,0.599,0,-6.312,263400
Ed Sheeran - Photograph,Ed Sheeran,Photograph,66,0.379,0.201,0.614,0,-10.48,258986
Ed Sheeran - Shape of You,Ed Sheeran,Shape of You,87,0.652,0.931,0.825,0,-3.183,233712
Ed Sheeran - Shivers,Ed Sheeran,Shivers,85,0.859,0.822,0.788,0,-2.724,207853
Ed Sheeran - Thinking out Loud,Ed Sheeran,Thinking out Loud,65,0.445,0.591,0.781,0,-6.061,281560
Elton John - Bennie And The Jets - Remastered 2014,Elton John,Bennie And The Jets - Remastered 2014,76,0.673,0.779,0.665,0,-7.95,322548
Elton John - Cold Heart - PNAU Remix,Elton John,Cold Heart - PNAU Remix,71,0.805,0.933,0.804,0,-6.348,202735
Elton John - Don't Go Breaking My Heart,Elton John,Don't Go Breaking My Heart,82,0.979,0.787,0.659,0,-10.155,299600
Elton John - Goodbye Yellow Brick Road - Remastered 2014,Elton John,Goodbye Yellow Brick Road - Remastered 2014,79,0.473,0.397,0.559,0,-7.712,192826
Elton John - Hold Me Closer,Elton John,Hold Me Closer,62,0.778,0.517,0.667,0,-4.623,202245
Elton John - I'm Still Standing,Elton John,I'm Still Standing,86,0.816,0.313,0.223,0,-4.594,238440
"Elton John - Rocket Man (I Think It's Going To Be A Long, Long Time)",Elton John,"Rocket Man (I Think It's Going To Be A Long, Long Time)",83,0.532,0.341,0.601,0,-9.119,281613
Elton John - Tiny Dancer,Elton John,Tiny Dancer,79,0.677,0.211,0.44,0,-6.14,324706
Elton John - Your Song,Elton John,Your Song,82,0.505,0.177,0.403,0,-7.673,240600
Elvis Presley - (You're The) Devil in Disguise,Elvis Presley,(You're The) Devil in Disguise,61,0.733,0.874,0.481,0,-7.633,140426
Elvis Presley - A Little Less Conversation - JXL Radio Edit Remix,Elvis Presley,A Little Less Conversation - JXL Radio Edit Remix,65,0.976,0.686,0.59,0,-4.866,213240
Elvis Presley - Always On My Mind,Elvis Presley,Always On My Mind,71,0.387,0.495,0.358,0,-14.342,218440
Elvis Presley - Burning Love,Elvis Presley,Burning Love,76,0.953,0.97,0.648,0,-4.551,176840
Elvis Presley - Can't Help Falling in Love,Elvis Presley,Can't Help Falling in Love,80,0.175,0.323,0.363,0,-20.185,181394
Elvis Presley - Don't Be Cruel,Elvis Presley,Don't Be Cruel,63,0.517,0.711,0.689,0,-11.602,123855
Elvis Presley - Hound Dog,Elvis Presley,Hound Dog,63,0.769,0.832,0.448,0,-9.778,86333
Elvis Presley - In the Ghetto,Elvis Presley,In the Ghetto,67,0.415,0.417,0.477,0,-10.592,177573
Elvis Presley - Jailhouse Rock,Elvis Presley,Jailhouse Rock,73,0.864,0.941,0.529,0,-4.599,147560
Elvis Presley - Suspicious Minds,Elvis Presley,Suspicious Minds,74,0.722,0.632,0.541,0,-5.067,272360
Eminem - Godzilla (feat. Juice WRLD),Eminem,Godzilla (feat. Juice WRLD),85,0.744,0.831,0.809,1,-5.261,210800
Eminem - Love The Way You Lie,Eminem,Love The Way You Lie,86,0.925,0.641,0.749,1,-5.034,263373
Eminem - Mockingbird,Eminem,Mockingbird,88,0.678,0.254,0.637,1,-3.798,250760
Eminem - Stan,Eminem,Stan,82,0.768,0.507,0.78,1,-4.325,404106
Eminem - Superman,Eminem,Superman,84,0.755,0.579,0.801,1,-3.138,350320
Eminem - The Monster,Eminem,The Monster,81,0.853,0.626,0.781,1,-3.68,250188
Eminem - The Real Slim Shady,Eminem,The Real Slim Shady,87,0.661,0.76,0.949,1,-4.244,284200
Eminem - Till I Collapse,Eminem,Till I Collapse,85,0.847,0.1,0.548,1,-3.237,297786
Eminem - Without Me,Eminem,Without Me,89,0.669,0.661,0.908,1,-2.827,290320
Fleetwood Mac - Don't Stop - 2004 Remaster,Fleetwood Mac,Don't Stop - 2004 Remaster,76,0.72,0.828,0.672,0,-7.781,193346
Fleetwood Mac - Dreams - 2004 Remaster,Fleetwood Mac,Dreams - 2004 Remaster,87,0.492,0.789,0.828,0,-9.744,257800
Fleetwood Mac - Everywhere - 2017 Remaster,Fleetwood Mac,Everywhere - 2017 Remaster,82,0.487,0.731,0.73,0,-10.991,226653
Fleetwood Mac - Go Your Own Way - 2004 Remaster,Fleetwood Mac,Go Your Own Way - 2004 Remaster,80,0.941,0.831,0.586,0,-5.139,223613
Fleetwood Mac - Little Lies - 2017 Remaster,Fleetwood Mac,Little Lies - 2017 Remaster,76,0.649,0.865,0.64,0,-10.345,221053
Fleetwood Mac - Never Going Back Again - 2004 Remaster,Fleetwood Mac,Never Going Back Again - 2004 Remaster,76,0.336,0.947,0.654,0,-12.825,134400
Fleetwood Mac - The Chain - 2004 Remaster,Fleetwood Mac,The Chain - 2004 Remaster,83,0.67,0.481,0.545,0,-8.81,270213
Foreigner - Cold as Ice,Foreigner,Cold as Ice,71,0.609,0.512,0.562,0,-7.063,200213
Foreigner - Double Vision,Foreigner,Double Vision,57,0.75,0.897,0.685,0,-6.443,220000
Foreigner - Hot Blooded,Foreigner,Hot Blooded,64,0.82,0.711,0.607,0,-5.351,186585
Foreigner - I Don't Want to Live Without You,Foreigner,I Don't Want to Live Without You,58,0.522,0.233,0.431,0,-8.625,237693
Foreigner - I Want to Know What Love Is,Foreigner,I Want to Know What Love Is,58,0.554,0.229,0.445,0,-7.793,285666
Foreigner - I Want to Know What Love Is - 1999 Remaster,Foreigner,I Want to Know What Love Is - 1999 Remaster,81,0.471,0.423,0.477,0,-10.036,304786
Foreigner - Juke Box Hero,Foreigner,Juke Box Hero,70,0.79,0.572,0.314,0,-5.335,265923
Foreigner - That Was Yesterday,Foreigner,That Was Yesterday,58,0.683,0.506,0.431,0,-7.417,229053
Foreigner - Urgent,Foreigner,Urgent,63,0.871,0.891,0.804,0,-4.553,270000
Foreigner - Waiting for a Girl like You,Foreigner,Waiting for a Girl like You,73,0.469,0.433,0.33,0,-9.286,292066
George Michael - Faith - Remastered,George Michael,Faith - Remastered,79,0.48,0.607,0.887,0,-11.994,193200
"George Michael - Fastlove, Pt. 1",George Michael,"Fastlove, Pt. 1",65,0.669,0.552,0.767,0,-6.785,324697
George Michael - Father Figure - Remastered,George Michael,Father Figure - Remastered,63,0.333,0.284,0.689,0,-13.288,336666
George Michael - Freedom! '90 - Remastered,George Michael,Freedom! '90 - Remastered,66,0.852,0.93,0.677,0,-10.856,390861
George Michael - Jesus to a Child,George Michael,Jesus to a Child,61,0.455,0.181,0.53,0,-10.404,411066
George Michael - One More Try - Remastered,George Michael,One More Try - Remastered,59,0.291,0.0823,0.551,0,-12.544,350666
Heart - All I Wanna Do Is Make Love To You,Heart,All I Wanna Do Is Make Love To You,66,0.746,0.8,0.626,0,-8.832,310893
Heart - Alone,Heart,Alone,77,0.452,0.168,0.418,0,-13.099,218733
Heart - Barracuda,Heart,Barracuda,77,0.691,0.667,0.548,0,-13.553,261933
Heart - Crazy On You,Heart,Crazy On You,72,0.459,0.383,0.427,0,-12.442,293440
Heart - Dreamboat Annie,Heart,Dreamboat Annie,58,0.409,0.649,0.497,0,-15.649,121706
Heart - Magic Man,Heart,Magic Man,60,0.444,0.734,0.435,0,-12.816,328360
Heart - Never,Heart,Never,57,0.768,0.675,0.586,0,-7.479,246611
Heart - These Dreams,Heart,These Dreams,66,0.532,0.3,0.535,0,-9.865,254476
Heart - What About Love?,Heart,What About Love?,61,0.631,0.3,0.246,0,-7.067,221670
Huey Lewis & The News - Do You Believe In Love,Huey Lewis & The News,Do You Believe In Love,63,0.636,0.816,0.547,0,-10.948,209000
Huey Lewis & The News - Heart And Soul,Huey Lewis & The News,Heart And Soul,56,0.806,0.944,0.66,0,-8.01,253253
Huey Lewis & The News - Hip To Be Square,Huey Lewis & The News,Hip To Be Square,64,0.779,0.963,0.668,0,-11.089,245466
Huey Lewis & The News - I Want A New Drug,Huey Lewis & The News,I Want A New Drug,55,0.861,0.709,0.651,0,-7.87,285800
Huey Lewis & The News - If This Is It,Huey Lewis & The News,If This Is It,58,0.8,0.79,0.572,0,-4.677,230586
Huey Lewis & The News - Stuck With You,Huey Lewis & The News,Stuck With You,65,0.544,0.628,0.704,0,-11.402,269573
Huey Lewis & The News - The Heart Of Rock And Roll,Huey Lewis & The News,The Heart Of Rock And Roll,53,0.756,0.956,0.594,0,-8.82,304920
Huey Lewis & The News - Walking On A Thin Line,Huey Lewis & The News,Walking On A Thin Line,49,0.601,0.679,0.673,0,-8.606,310666
JAY-Z - 03' Bonnie & Clyde,JAY-Z,03' Bonnie & Clyde,71,0.713,0.371,0.648,1,-4.315,204933
JAY-Z - 4:44,JAY-Z,4:44,72,0.852,0.431,0.261,1,-4.965,284493
JAY-Z - Empire State Of Mind,JAY-Z,Empire State Of Mind,84,0.956,0.811,0.491,1,-1.538,276920
JAY-Z - Gotta Have It,JAY-Z,Gotta Have It,67,0.481,0.356,0.74,1,-7.381,140746
JAY-Z - Ni**as In Paris,JAY-Z,Ni**as In Paris,84,0.857,0.737,0.791,1,-5.835,219322
JAY-Z - No Church In The Wild,JAY-Z,No Church In The Wild,75,0.726,0.569,0.676,1,-8.261,272508
JAY-Z - Otis,JAY-Z,Otis,73,0.658,0.434,0.751,1,-4.666,178224
JAY-Z - Run This Town,JAY-Z,Run This Town,80,0.924,0.441,0.632,1,-1.802,267520
JAY-Z - Why I Love You,JAY-Z,Why I Love You,76,0.796,0.387,0.592,1,-4.41,199205
James Brown - Get Up (I Feel Like Being A) Sex Machine,James Brown,Get Up (I Feel Like Being A) Sex Machine,49,0.984,0.205,0.45,0,-6.38,315733
James Brown - Get Up Offa That Thing,James Brown,Get Up Offa That Thing,63,0.776,0.786,0.827,0,-7.489,250466
James Brown - I Got You - 1964 Smash Version,James Brown,I Got You - 1964 Smash Version,48,0.592,0.707,0.573,0,-6.724,167346
"James Brown - It's A Man's, Man's, Man's World",James Brown,"It's A Man's, Man's, Man's World",52,0.374,0.533,0.476,0,-9.976,165280
"James Brown - Living in America - From ""Rocky IV"" Soundtrack",James Brown,"Living in America - From ""Rocky IV"" Soundtrack",44,0.712,0.734,0.716,0,-9.502,284186
James Brown - Papa's Got A Brand New Bag,James Brown,Papa's Got A Brand New Bag,56,0.409,0.814,0.85,0,-13.169,418493
James Brown - People Get Up And Drive Your Funky Soul - Remix,James Brown,People Get Up And Drive Your Funky Soul - Remix,60,0.802,0.82,0.8,0,-5.439,544640
James Brown - The Boss,James Brown,The Boss,63,0.563,0.573,0.715,0,-8.307,194933
James Brown - Try Me,James Brown,Try Me,47,0.243,0.644,0.673,0,-13.868,151626
Janet Jackson - Again,Janet Jackson,Again,58,0.287,0.189,0.355,0,-9.509,227133
Janet Jackson - All For You,Janet Jackson,All For You,63,0.934,0.73,0.753,0,-3.011,329933
"Janet Jackson - Any Time, Any Place",Janet Jackson,"Any Time, Any Place",60,0.233,0.205,0.569,0,-11.292,428200
Janet Jackson - Call On Me,Janet Jackson,Call On Me,57,0.67,0.771,0.714,0,-6.053,204266
Janet Jackson - Escapade,Janet Jackson,Escapade,54,0.954,0.701,0.806,0,-6.741,283933
Janet Jackson - Got 'Til It's Gone,Janet Jackson,Got 'Til It's Gone,64,0.364,0.534,0.752,1,-10.375,241760
Janet Jackson - That's The Way Love Goes,Janet Jackson,That's The Way Love Goes,67,0.7,0.581,0.703,0,-6.794,265106
Janet Jackson - Together Again,Janet Jackson,Together Again,65,0.505,0.475,0.865,0,-11.813,301200
Janet Jackson - When I Think Of You,Janet Jackson,When I Think Of You,57,0.639,0.706,0.759,0,-11.386,235493
John Denver - Annie's Song,John Denver,Annie's Song,72,0.216,0.408,0.255,0,-13.707,186666
John Denver - Back Home Again,John Denver,Back Home Again,54,0.303,0.546,0.521,0,-12.149,283226
"John Denver - Leaving, On a Jet Plane - ""Greatest Hits"" Version",John Denver,"Leaving, On a Jet Plane - ""Greatest Hits"" Version",62,0.178,0.656,0.432,0,-13.569,246887
John Denver - Perhaps Love,John Denver,Perhaps Love,55,0.196,0.313,0.44,0,-13.224,160240
John Denver - Rocky Mountain High,John Denver,Rocky Mountain High,68,0.545,0.665,0.513,0,-7.702,248493
John Denver - Sunshine On My Shoulders,John Denver,Sunshine On My Shoulders,62,0.319,0.0761,0.356,0,-11.926,292213
"John Denver - Take Me Home, Country Roads",John Denver,"Take Me Home, Country Roads",76,0.459,0.606,0.403,0,-8.729,194146
"John Denver - Take Me Home, Country Roads - Original Version",John Denver,"Take Me Home, Country Roads - Original Version",76,0.378,0.635,0.468,0,-9.956,191225
John Denver - Thank God I'm a Country Boy,John Denver,Thank God I'm a Country Boy,67,0.537,0.958,0.762,0,-9.58,193093
John Mellencamp - Ain't Even Done With The Night,John Mellencamp,Ain't Even Done With The Night,59,0.7,0.8,0.791,0,-6.96,279066
John Mellencamp - Authority Song,John Mellencamp,Authority Song,58,0.969,0.966,0.495,0,-4.994,229240
John Mellencamp - Cherry Bomb,John Mellencamp,Cherry Bomb,63,0.945,0.961,0.744,0,-3.266,287106
John Mellencamp - Hurts So Good,John Mellencamp,Hurts So Good,71,0.737,0.971,0.785,0,-5.306,218960
John Mellencamp - Jack & Diane,John Mellencamp,Jack & Diane,75,0.41,0.626,0.811,0,-8.214,254493
John Mellencamp - Pink Houses,John Mellencamp,Pink Houses,62,0.51,0.384,0.409,0,-9.301,322813
John Mellencamp - R.O.C.K. In The U.S.A. (A Salute To 60's Rock),John Mellencamp,R.O.C.K. In The U.S.A. (A Salute To 60's Rock),56,0.958,0.874,0.432,0,-4.009,174360
John Mellencamp - Rain On The Scarecrow,John Mellencamp,Rain On The Scarecrow,55,0.91,0.611,0.574,0,-3.813,226226
John Mellencamp - Small Town,John Mellencamp,Small Town,67,0.431,0.623,0.461,0,-10.041,252093
John Mellencamp - Wild Night,John Mellencamp,Wild Night,55,0.888,0.951,0.665,0,-4.433,207506
Justin Bieber - Baby,Justin Bieber,Baby,83,0.859,0.535,0.728,0,-5.237,214240
Justin Bieber - Beauty And A Beat,Justin Bieber,Beauty And A Beat,82,0.302,0.699,0.69,0,-8.441,144693
Justin Bieber - Ghost,Justin Bieber,Ghost,87,0.741,0.441,0.601,0,-5.569,153190
Justin Bieber - Love Yourself,Justin Bieber,Love Yourself,85,0.378,0.515,0.609,0,-9.828,233720
Justin Bieber - Sorry,Justin Bieber,Sorry,84,0.76,0.41,0.654,0,-3.669,200786
Justin Bieber - What Do You Mean?,Justin Bieber,What Do You Mean?,81,0.567,0.793,0.845,0,-8.118,205680
Justin Timberlake - Cry Me a River,Justin Timberlake,Cry Me a River,77,0.654,0.564,0.624,0,-6.582,288333
Justin Timberlake - Drown,Justin Timberlake,Drown,60,0.58,0.34,0.606,0,-5.337,260120
Justin Timberlake - Mirrors,Justin Timberlake,Mirrors,82,0.512,0.512,0.574,0,-6.664,484146
Justin Timberlake - My Love (feat. T.I.),Justin Timberlake,My Love (feat. T.I.),78,0.68,0.808,0.771,0,-5.881,276160
Justin Timberlake - Rock Your Body,Justin Timberlake,Rock Your Body,80,0.714,0.817,0.892,0,-6.055,267266
Justin Timberlake - Selfish,Justin Timberlake,Selfish,69,0.543,0.376,0.69,0,-6.752,229331
Justin Timberlake - SexyBack (feat. Timbaland),Justin Timberlake,SexyBack (feat. Timbaland),80,0.599,0.964,0.967,0,-5.659,242800
Justin Timberlake - What Goes Around.../...Comes Around (Interlude),Justin Timberlake,What Goes Around.../...Comes Around (Interlude),74,0.725,0.381,0.685,0,-4.791,448533
Kanye West - BURN,Kanye West,BURN,87,0.885,0.736,0.6,1,-6.21,111458
Kanye West - Bound 2,Kanye West,Bound 2,84,0.665,0.31,0.367,1,-2.821,229146
Kanye West - CARNIVAL,Kanye West,CARNIVAL,96,0.811,0.311,0.594,1,-5.746,264324
Kanye West - FUK SUMN,Kanye West,FUK SUMN,86,0.818,0.438,0.774,1,-2.825,209577
Kanye West - Father Stretch My Hands Pt. 1,Kanye West,Father Stretch My Hands Pt. 1,87,0.573,0.438,0.724,1,-4.113,135920
Kanye West - Flashing Lights,Kanye West,Flashing Lights,87,0.628,0.43,0.639,1,-7.578,237506
Kanye West - Heartless,Kanye West,Heartless,88,0.647,0.654,0.79,0,-5.983,211000
Kanye West - I Wonder,Kanye West,I Wonder,84,0.466,0.124,0.542,1,-8.665,243440
Kanye West - Ni**as In Paris,Kanye West,Ni**as In Paris,84,0.857,0.737,0.791,1,-5.835,219322
Kanye West - Runaway,Kanye West,Runaway,86,0.568,0.111,0.374,1,-3.825,547733
Katy Perry - California Gurls,Katy Perry,California Gurls,74,0.754,0.425,0.791,0,-3.729,234653
Katy Perry - Dark Horse,Katy Perry,Dark Horse,82,0.585,0.353,0.645,0,-6.122,215672
Katy Perry - Firework,Katy Perry,Firework,73,0.826,0.649,0.638,0,-4.968,227880
Katy Perry - Hot N Cold,Katy Perry,Hot N Cold,73,0.851,0.868,0.708,0,-3.971,220226
Katy Perry - I Kissed A Girl,Katy Perry,I Kissed A Girl,71,0.787,0.686,0.68,0,-3.195,179640
Katy Perry - Last Friday Night (T.G.I.F.),Katy Perry,Last Friday Night (T.G.I.F.),77,0.815,0.765,0.649,0,-3.796,230746
Katy Perry - Roar,Katy Perry,Roar,80,0.772,0.455,0.554,0,-4.821,223546
Katy Perry - Teenage Dream,Katy Perry,Teenage Dream,76,0.804,0.605,0.719,0,-4.581,227760
Katy Perry - The One That Got Away,Katy Perry,The One That Got Away,72,0.792,0.864,0.687,0,-4.023,227333
Katy Perry - Wide Awake,Katy Perry,Wide Awake,77,0.683,0.575,0.514,0,-5.099,220946
Kelly Clarkson - Because of You,Kelly Clarkson,Because of You,69,0.591,0.115,0.572,0,-5.382,219613
Kelly Clarkson - Behind These Hazel Eyes,Kelly Clarkson,Behind These Hazel Eyes,62,0.886,0.467,0.545,0,-4.642,196053
Kelly Clarkson - Breakaway,Kelly Clarkson,Breakaway,63,0.73,0.381,0.442,0,-4.191,237693
Kelly Clarkson - Heartbeat Song,Kelly Clarkson,Heartbeat Song,62,0.799,0.486,0.491,0,-3.66,198733
Kelly Clarkson - My Life Would Suck Without You,Kelly Clarkson,My Life Would Suck Without You,68,0.882,0.424,0.526,0,-4.006,211493
Kelly Clarkson - Since U Been Gone,Kelly Clarkson,Since U Been Gone,77,0.744,0.398,0.658,0,-5.367,188893
Kelly Clarkson - Stronger (What Doesn't Kill You),Kelly Clarkson,Stronger (What Doesn't Kill You),69,0.939,0.684,0.562,0,-4.282,221946
Kelly Clarkson - Underneath the Tree,Kelly Clarkson,Underneath the Tree,53,0.812,0.689,0.509,0,-5.438,229640
Kelly Clarkson - favorite kind of high,Kelly Clarkson,favorite kind of high,61,0.802,0.552,0.747,0,-5.859,175247
Kenny Rogers - Coward Of The County,Kenny Rogers,Coward Of The County,67,0.433,0.675,0.652,0,-12.843,258733
Kenny Rogers - Lucille,Kenny Rogers,Lucille,61,0.362,0.387,0.646,0,-11.954,220866
Kenny Rogers - She Believes In Me,Kenny Rogers,She Believes In Me,63,0.413,0.313,0.32,0,-12.472,258720
Kenny Rogers - The Gambler,Kenny Rogers,The Gambler,76,0.501,0.86,0.671,0,-13.119,214880
Kenny Rogers - Through The Years,Kenny Rogers,Through The Years,64,0.393,0.271,0.587,0,-11.455,286066
Kenny Rogers - We've Got Tonight,Kenny Rogers,We've Got Tonight,66,0.154,0.295,0.415,0,-14.948,232533
Kenny Rogers - You Decorated My Life,Kenny Rogers,You Decorated My Life,64,0.307,0.153,0.264,0,-12.36,218133
Kool & The Gang - Celebration,Kool & The Gang,Celebration,72,0.781,0.407,0.475,0,-8.84,696440
Kool & The Gang - Celebration - Single Version,Kool & The Gang,Celebration - Single Version,65,0.837,0.947,0.824,0,-7.124,218786
Kool & The Gang - Cherish - Single Version,Kool & The Gang,Cherish - Single Version,66,0.568,0.434,0.643,0,-9.903,238000
Kool & The Gang - Fresh,Kool & The Gang,Fresh,65,0.847,0.574,0.591,0,-9.469,284533
Kool & The Gang - Get Down On It,Kool & The Gang,Get Down On It,66,0.801,0.373,0.551,0,-8.254,429533
Kool & The Gang - Get Down On It - Single Version,Kool & The Gang,Get Down On It - Single Version,69,0.56,0.969,0.877,0,-8.529,211680
Kool & The Gang - Hollywood Swinging,Kool & The Gang,Hollywood Swinging,58,0.871,0.576,0.612,0,-8.796,276560
Kool & The Gang - Jungle Boogie,Kool & The Gang,Jungle Boogie,64,0.918,0.697,0.715,0,-7.517,183120
Kool & The Gang - Ladies Night - Single Version,Kool & The Gang,Ladies Night - Single Version,63,0.777,0.92,0.651,0,-7.853,208733
Kool & The Gang - Summer Madness,Kool & The Gang,Summer Madness,60,0.656,0.57,0.633,0,-5.195,243506
Lady Gaga - Always Remember Us This Way,Lady Gaga,Always Remember Us This Way,84,0.502,0.296,0.553,0,-5.972,210200
Lady Gaga - Applause,Lady Gaga,Applause,78,0.78,0.738,0.669,0,-4.287,212333
Lady Gaga - Bad Romance,Lady Gaga,Bad Romance,84,0.921,0.714,0.696,1,-3.755,294573
Lady Gaga - Bloody Mary,Lady Gaga,Bloody Mary,70,0.638,0.456,0.584,0,-6.437,244760
Lady Gaga - Judas,Lady Gaga,Judas,71,0.937,0.535,0.661,0,-3.83,249066
Lady Gaga - Just Dance,Lady Gaga,Just Dance,77,0.739,0.745,0.822,0,-4.541,241933
Lady Gaga - Paparazzi,Lady Gaga,Paparazzi,74,0.692,0.397,0.762,0,-3.973,208306
Lady Gaga - Poker Face,Lady Gaga,Poker Face,79,0.806,0.787,0.851,0,-4.62,237200
Lady Gaga - Shallow,Lady Gaga,Shallow,85,0.385,0.323,0.572,0,-6.362,215733
Lady Gaga - Telephone,Lady Gaga,Telephone,74,0.836,0.716,0.824,0,-5.903,220640
Linda Ronstadt - All My Life (with Aaron Neville) - 1999 Remaster,Linda Ronstadt,All My Life (with Aaron Neville) - 1999 Remaster,51,0.523,0.375,0.602,0,-8.753,210960
Linda Ronstadt - Blue Bayou,Linda Ronstadt,Blue Bayou,66,0.161,0.5,0.732,0,-12.817,239399
Linda Ronstadt - Don't Know Much (with Aaron Neville),Linda Ronstadt,Don't Know Much (with Aaron Neville),64,0.285,0.268,0.507,0,-11.005,211973
Linda Ronstadt - It's so Easy,Linda Ronstadt,It's so Easy,52,0.764,0.894,0.623,0,-4.686,145173
Linda Ronstadt - Long Long Time,Linda Ronstadt,Long Long Time,61,0.192,0.272,0.427,0,-14.611,263400
Linda Ronstadt - To Know Him Is to Love Him - 2015 Remaster,Linda Ronstadt,To Know Him Is to Love Him - 2015 Remaster,51,0.196,0.354,0.323,0,-16.247,227013
Linda Ronstadt - When Will I Be Loved,Linda Ronstadt,When Will I Be Loved,62,0.573,0.621,0.513,0,-10.023,124866
Linda Ronstadt - Wildflowers - 2015 Remaster,Linda Ronstadt,Wildflowers - 2015 Remaster,56,0.368,0.618,0.609,0,-13.338,216573
Linda Ronstadt - You're No Good,Linda Ronstadt,You're No Good,63,0.52,0.634,0.669,0,-10.136,224026
Lionel Richie - All Night Long (All Night),Lionel Richie,All Night Long (All Night),56,0.62,0.801,0.717,0,-13.068,385693
Lionel Richie - Dancing On The Ceiling,Lionel Richie,Dancing On The Ceiling,69,0.903,0.66,0.539,0,-5.607,257240
Lionel Richie - Hello,Lionel Richie,Hello,59,0.516,0.171,0.516,0,-8.718,268146
"Lionel Richie - Say You, Say Me",Lionel Richie,"Say You, Say Me",73,0.482,0.655,0.664,0,-10.058,309200
Lionel Richie - Stuck On You,Lionel Richie,Stuck On You,62,0.501,0.248,0.561,0,-9.24,200760
Lionel Richie - The Only One,Lionel Richie,The Only One,48,0.384,0.558,0.691,0,-13.64,264733
Lionel Richie - Truly,Lionel Richie,Truly,64,0.238,0.131,0.366,0,-13.853,200506
Lionel Richie - We Are The World - Live,Lionel Richie,We Are The World - Live,56,0.663,0.539,0.305,0,-8.715,239400
Madonna - Frozen,Madonna,Frozen,70,0.616,0.31,0.602,0,-10.917,367333
Madonna - Hung Up,Madonna,Hung Up,78,0.647,0.405,0.649,0,-7.695,337733
Madonna - La Isla Bonita,Madonna,La Isla Bonita,73,0.822,0.964,0.724,0,-4.374,242733
Madonna - Like a Prayer,Madonna,Like a Prayer,74,0.629,0.324,0.66,0,-12.359,340866
Madonna - Like a Virgin,Madonna,Like a Virgin,73,0.655,0.97,0.771,0,-10.842,218626
Mariah Carey - All I Want for Christmas Is You,Mariah Carey,All I Want for Christmas Is You,71,0.61,0.352,0.504,0,-7.281,241560
Mariah Carey - Always Be My Baby,Mariah Carey,Always Be My Baby,73,0.531,0.487,0.65,0,-8.335,258133
Mariah Carey - Fantasy,Mariah Carey,Fantasy,78,0.727,0.807,0.669,0,-7.588,243493
Mariah Carey - Hero,Mariah Carey,Hero,70,0.269,0.143,0.507,0,-13.132,257920
Mariah Carey - Obsessed,Mariah Carey,Obsessed,70,0.468,0.369,0.742,0,-5.557,242200
Mariah Carey - Touch My Body,Mariah Carey,Touch My Body,74,0.665,0.842,0.714,0,-7.736,204733
Mariah Carey - We Belong Together,Mariah Carey,We Belong Together,72,0.47,0.785,0.837,0,-7.981,201400
Mariah Carey - Without You,Mariah Carey,Without You,71,0.398,0.161,0.604,0,-11.865,215110
Maroon 5 - Animals,Maroon 5,Animals,82,0.742,0.328,0.279,0,-6.46,231013
Maroon 5 - Beautiful Mistakes (feat. Megan Thee Stallion),Maroon 5,Beautiful Mistakes (feat. Megan Thee Stallion),78,0.676,0.721,0.713,0,-5.483,227395
Maroon 5 - Maps,Maroon 5,Maps,86,0.713,0.879,0.742,0,-5.522,189960
Maroon 5 - Memories,Maroon 5,Memories,85,0.327,0.595,0.775,0,-7.241,189486
"Maroon 5 - Moves Like Jagger - Studio Recording From ""The Voice"" Performance",Maroon 5,"Moves Like Jagger - Studio Recording From ""The Voice"" Performance",74,0.762,0.633,0.714,0,-4.459,201253
Maroon 5 - One More Night,Maroon 5,One More Night,73,0.82,0.613,0.718,0,-3.453,219466
Maroon 5 - Payphone,Maroon 5,Payphone,73,0.756,0.523,0.739,1,-4.828,231386
Maroon 5 - She Will Be Loved - Radio Mix,Maroon 5,She Will Be Loved - Radio Mix,83,0.663,0.465,0.651,0,-5.569,259453
Maroon 5 - Sugar,Maroon 5,Sugar,82,0.788,0.884,0.748,1,-7.055,235493
Maroon 5 - This Love,Maroon 5,This Love,85,0.862,0.809,0.712,0,-4.612,206200
Marvin Gaye - Ain't No Mountain High Enough,Marvin Gaye,Ain't No Mountain High Enough,85,0.6,0.8,0.663,0,-10.87,151666
Marvin Gaye - How Sweet It Is (To Be Loved By You),Marvin Gaye,How Sweet It Is (To Be Loved By You),61,0.49,0.963,0.653,0,-10.106,177773
Marvin Gaye - I Heard It Through The Grapevine,Marvin Gaye,I Heard It Through The Grapevine,73,0.362,0.616,0.711,0,-10.851,194293
Marvin Gaye - Let's Get It On,Marvin Gaye,Let's Get It On,70,0.769,0.594,0.502,0,-4.946,293767
Marvin Gaye - Mercy Mercy Me (The Ecology),Marvin Gaye,Mercy Mercy Me (The Ecology),69,0.632,0.466,0.501,0,-12.069,196080
Marvin Gaye - Sexual Healing,Marvin Gaye,Sexual Healing,73,0.598,0.736,0.806,0,-9.701,238600
Marvin Gaye - What's Going On,Marvin Gaye,What's Going On,71,0.724,0.823,0.444,0,-9.536,233000
Marvin Gaye - You're All I Need To Get By,Marvin Gaye,You're All I Need To Get By,62,0.448,0.172,0.513,0,-11.074,173866
Michael Jackson - Beat It,Michael Jackson,Beat It,80,0.711,0.901,0.776,0,-9.03,258152
Michael Jackson - Billie Jean,Michael Jackson,Billie Jean,83,0.457,0.884,0.932,0,-9.62,294187
Michael Jackson - Chicago,Michael Jackson,Chicago,79,0.756,0.55,0.608,0,-2.675,245506
Michael Jackson - Don't Stop 'Til You Get Enough,Michael Jackson,Don't Stop 'Til You Get Enough,76,0.93,0.895,0.878,0,-4.705,364400
Michael Jackson - P.Y.T. (Pretty Young Thing),Michael Jackson,P.Y.T. (Pretty Young Thing),74,0.67,0.961,0.894,0,-9.406,238723
Michael Jackson - Remember the Time,Michael Jackson,Remember the Time,76,0.908,0.801,0.834,0,-3.404,239626
Michael Jackson - Rock with You - Single Version,Michael Jackson,Rock with You - Single Version,80,0.535,0.848,0.808,0,-12.521,220626
Michael Jackson - Smooth Criminal - 2012 Remaster,Michael Jackson,Smooth Criminal - 2012 Remaster,73,0.981,0.595,0.853,0,-3.947,257760
Michael Jackson - The Way You Make Me Feel - 2012 Remaster,Michael Jackson,The Way You Make Me Feel - 2012 Remaster,68,0.854,0.54,0.877,0,-4.523,298120
Michael Jackson - Thriller,Michael Jackson,Thriller,69,0.687,0.783,0.771,0,-9.814,357753
Neil Diamond - Beautiful Noise,Neil Diamond,Beautiful Noise,55,0.421,0.669,0.5,0,-14.542,204560
"Neil Diamond - Cherry, Cherry",Neil Diamond,"Cherry, Cherry",56,0.534,0.939,0.651,0,-11.953,162040
Neil Diamond - Cracklin' Rosie - Single Version,Neil Diamond,Cracklin' Rosie - Single Version,68,0.693,0.772,0.587,0,-8.577,180106
Neil Diamond - Forever In Blue Jeans,Neil Diamond,Forever In Blue Jeans,64,0.39,0.839,0.706,0,-13.673,217533
"Neil Diamond - Girl, You'll Be A Woman Soon",Neil Diamond,"Girl, You'll Be A Woman Soon",63,0.377,0.725,0.472,0,-13.643,201133
Neil Diamond - I Am...I Said - Single Version,Neil Diamond,I Am...I Said - Single Version,63,0.553,0.506,0.253,0,-7.288,214946
Neil Diamond - September Morn,Neil Diamond,September Morn,57,0.23,0.2,0.42,0,-17.108,232000
Neil Diamond - Solitary Man,Neil Diamond,Solitary Man,54,0.629,0.782,0.587,0,-5.825,153306
Neil Diamond - Song Sung Blue,Neil Diamond,Song Sung Blue,48,0.529,0.507,0.594,0,-9.338,185653
Neil Diamond - Sweet Caroline,Neil Diamond,Sweet Caroline,78,0.127,0.578,0.529,0,-16.066,203573
Neil Sedaka - Bad Blood,Neil Sedaka,Bad Blood,42,0.736,0.862,0.737,0,-8.347,189066
Neil Sedaka - Breaking Up Is Hard to Do,Neil Sedaka,Breaking Up Is Hard to Do,60,0.756,0.959,0.687,0,-8.042,142333
Neil Sedaka - Calendar Girl,Neil Sedaka,Calendar Girl,57,0.68,0.877,0.703,0,-7.67,158093
"Neil Sedaka - Happy Birthday, Sweet Sixteen",Neil Sedaka,"Happy Birthday, Sweet Sixteen",48,0.67,0.855,0.615,0,-7.552,159373
Neil Sedaka - Laughter In The Rain,Neil Sedaka,Laughter In The Rain,68,0.797,0.654,0.687,0,-5.086,186320
Neil Sedaka - Next Door to an Angel,Neil Sedaka,Next Door to an Angel,37,0.888,0.962,0.775,0,-7.47,145066
Neil Sedaka - Oh! Carol,Neil Sedaka,Oh! Carol,61,0.767,0.911,0.598,0,-7.839,136680
Neil Sedaka - Stairway to Heaven,Neil Sedaka,Stairway to Heaven,38,0.785,0.85,0.379,0,-7.94,163466
Neil Sedaka - The Hungry Years,Neil Sedaka,The Hungry Years,39,0.377,0.17,0.38,0,-11.06,246933
Neil Sedaka - You Mean Everything to Me,Neil Sedaka,You Mean Everything to Me,53,0.373,0.682,0.375,0,-10.3,157626
Nelly - Body On Me,Nelly,Body On Me,48,0.671,0.766,0.783,0,-7.104,209706
Nelly - Country Grammar (Hot Shit),Nelly,Country Grammar (Hot Shit),70,0.663,0.586,0.881,1,-6.822,287000
Nelly - Dilemma,Nelly,Dilemma,80,0.552,0.611,0.726,1,-8.075,289160
Nelly - Grillz,Nelly,Grillz,61,0.515,0.844,0.863,1,-7.243,271160
Nelly - Hot In Herre,Nelly,Hot In Herre,77,0.745,0.913,0.957,1,-4.753,228240
Nelly - Just A Dream,Nelly,Just A Dream,75,0.745,0.116,0.465,0,-6.148,238093
Nelly - Lil Bit (feat. Florida Georgia Line),Nelly,Lil Bit (feat. Florida Georgia Line),67,0.689,0.41,0.707,1,-7.097,195962
Nelly - Nasty Girl,Nelly,Nasty Girl,42,0.658,0.675,0.831,0,-6.183,290706
Nelly - Over And Over,Nelly,Over And Over,64,0.518,0.463,0.644,1,-10.02,253933
Nelly - Ride Wit Me,Nelly,Ride Wit Me,77,0.7,0.724,0.85,1,-6.49,291781
Olivia Newton-John - Hopelessly Devoted To You,Olivia Newton-John,Hopelessly Devoted To You,60,0.704,0.43,0.437,0,-6.731,119187
"Olivia Newton-John - I Love You, I Honestly Love You",Olivia Newton-John,"I Love You, I Honestly Love You",50,0.112,0.153,0.355,0,-15.309,220333
Olivia Newton-John - Physical - Remastered 2021,Olivia Newton-John,Physical - Remastered 2021,63,0.728,0.74,0.84,0,-8.473,225992
Olivia Newton-John - The Best Of Me,Olivia Newton-John,The Best Of Me,37,0.49,0.253,0.551,0,-7.941,246336
Olivia Newton-John - Xanadu,Olivia Newton-John,Xanadu,55,0.806,0.477,0.546,0,-7.171,213026
P!nk - All Out Of Fight,P!nk,All Out Of Fight,74,0.359,0.279,0.42,0,-6.932,212306
P!nk - Just Give Me a Reason (feat. Nate Ruess),P!nk,Just Give Me a Reason (feat. Nate Ruess),85,0.547,0.441,0.778,0,-7.273,242733
P!nk - Never Gonna Not Dance Again,P!nk,Never Gonna Not Dance Again,66,0.743,0.786,0.677,1,-5.623,225266
P!nk - So What,P!nk,So What,80,0.866,0.412,0.537,1,-3.08,215160
P!nk - TRUSTFALL,P!nk,TRUSTFALL,73,0.854,0.27,0.639,0,-5.626,236253
P!nk - Try,P!nk,Try,79,0.628,0.552,0.674,0,-7.079,247906
P!nk - What About Us,P!nk,What About Us,78,0.588,0.193,0.491,0,-6.177,269600
P!nk - Who Knew - Edit,P!nk,Who Knew - Edit,74,0.734,0.46,0.688,0,-4.569,208493
Paul Anka - (You're) Having My Baby,Paul Anka,(You're) Having My Baby,52,0.589,0.587,0.596,0,-8.747,156293
Paul Anka - Diana - Remastered,Paul Anka,Diana - Remastered,60,0.476,0.951,0.639,0,-10.921,147760
Paul Anka - I Don't Like To Sleep Alone,Paul Anka,I Don't Like To Sleep Alone,49,0.557,0.26,0.48,0,-9.696,198826
Paul Anka - Lonely Boy - Remastered,Paul Anka,Lonely Boy - Remastered,50,0.501,0.855,0.426,0,-9.529,154973
Paul Anka - My Way (with Frank Sinatra),Paul Anka,My Way (with Frank Sinatra),50,0.347,0.196,0.368,0,-10.457,312253
Paul Anka - Pennies From Heaven (with Michael Bubl),Paul Anka,Pennies From Heaven (with Michael Bubl),52,0.315,0.447,0.739,0,-10.129,250546
Paul Anka - Puppy Love - Remastered,Paul Anka,Puppy Love - Remastered,59,0.443,0.448,0.234,0,-7.605,161533
Paul Anka - Put Your Head On My Shoulder - Remastered,Paul Anka,Put Your Head On My Shoulder - Remastered,70,0.396,0.524,0.579,0,-10.032,158906
Paul Anka - You Are My Destiny,Paul Anka,You Are My Destiny,42,0.504,0.394,0.258,0,-7.481,222079
Paul McCartney - Ebony And Ivory - Remixed 2015,Paul McCartney,Ebony And Ivory - Remixed 2015,61,0.692,0.708,0.567,0,-7.881,226266
Paul McCartney - Every Night - 2011 Remaster,Paul McCartney,Every Night - 2011 Remaster,61,0.404,0.867,0.605,0,-12.366,153413
Paul McCartney - Junk - 2011 Remaster,Paul McCartney,Junk - 2011 Remaster,57,0.0862,0.315,0.712,0,-17.696,115293
Paul McCartney - Live And Let Die - Live,Paul McCartney,Live And Let Die - Live,45,0.934,0.254,0.24,0,-3.117,184973
Paul McCartney - Maybe Im Amazed - 2011 Remaster,Paul McCartney,Maybe Im Amazed - 2011 Remaster,64,0.494,0.373,0.471,0,-10.407,229826
Paul McCartney - My Love,Paul McCartney,My Love,34,0.0457,0.0387,0.176,0,-27.294,227906
Paul McCartney - Say Say Say - Remastered 2015,Paul McCartney,Say Say Say - Remastered 2015,68,0.686,0.828,0.822,0,-10.456,235693
Paul McCartney - The Kiss Of Venus (Dominic Fike),Paul McCartney,The Kiss Of Venus (Dominic Fike),64,0.374,0.633,0.715,0,-6.665,143530
Paula Abdul - Cold Hearted,Paula Abdul,Cold Hearted,54,0.679,0.724,0.879,0,-8.59,231400
Paula Abdul - Forever Your Girl,Paula Abdul,Forever Your Girl,46,0.891,0.747,0.701,0,-7.873,300466
Paula Abdul - Opposites Attract,Paula Abdul,Opposites Attract,51,0.842,0.933,0.783,0,-8.838,265373
Paula Abdul - Rush Rush,Paula Abdul,Rush Rush,62,0.44,0.395,0.706,0,-11.577,292933
Paula Abdul - Straight Up,Paula Abdul,Straight Up,63,0.826,0.762,0.769,0,-8.252,251466
Paula Abdul - Vibeology,Paula Abdul,Vibeology,45,0.758,0.645,0.722,0,-9.33,316333
Phil Collins - Another Day in Paradise - 2016 Remaster,Phil Collins,Another Day in Paradise - 2016 Remaster,77,0.565,0.365,0.78,0,-7.32,322133
Phil Collins - Do You Remember? - 2016 Remaster,Phil Collins,Do You Remember? - 2016 Remaster,66,0.5,0.525,0.677,0,-7.839,276000
Phil Collins - In The Air Tonight - 2015 Remastered,Phil Collins,In The Air Tonight - 2015 Remastered,78,0.239,0.298,0.446,0,-13.945,336453
Phil Collins - One More Night - 2016 Remaster,Phil Collins,One More Night - 2016 Remaster,70,0.431,0.326,0.527,0,-9.551,291253
Phil Collins - Sussudio - 2016 Remaster,Phil Collins,Sussudio - 2016 Remaster,67,0.935,0.748,0.7,0,-5.197,264133
Phil Collins - You Can't Hurry Love - 2016 Remaster,Phil Collins,You Can't Hurry Love - 2016 Remaster,78,0.936,0.763,0.62,0,-4.593,175746
Post Malone - Better Now,Post Malone,Better Now,81,0.576,0.357,0.685,1,-5.772,231261
Post Malone - Chemical,Post Malone,Chemical,83,0.9,0.369,0.49,1,-4.65,183410
Post Malone - Circles,Post Malone,Circles,87,0.761,0.575,0.693,0,-3.51,215277
Post Malone - Congratulations,Post Malone,Congratulations,82,0.804,0.492,0.63,1,-4.183,220293
Post Malone - I Like You (A Happier Song) (with Doja Cat),Post Malone,I Like You (A Happier Song) (with Doja Cat),82,0.718,0.447,0.738,1,-5.162,192840
Post Malone - Sunflower - Spider-Man: Into the Spider-Verse,Post Malone,Sunflower - Spider-Man: Into the Spider-Verse,86,0.548,0.881,0.754,0,-4.335,157559
Post Malone - Wow.,Post Malone,Wow.,82,0.542,0.375,0.828,1,-7.264,149506
Post Malone - rockstar (feat. 21 Savage),Post Malone,rockstar (feat. 21 Savage),84,0.535,0.152,0.592,1,-6.015,218146
Prince - 1999 - 2019 Remaster,Prince,1999 - 2019 Remaster,58,0.826,0.596,0.863,0,-5.496,373747
Prince - I Wanna Be Your Lover,Prince,I Wanna Be Your Lover,57,0.507,0.729,0.812,0,-8.825,347666
Prince - I Would Die 4 U,Prince,I Would Die 4 U,61,0.75,0.639,0.731,0,-10.457,178986
Prince - Kiss,Prince,Kiss,75,0.271,0.742,0.898,0,-12.238,226240
Prince - Let's Go Crazy,Prince,Let's Go Crazy,66,0.93,0.376,0.309,0,-6.399,280000
Prince - Little Red Corvette - 2019 Remaster,Prince,Little Red Corvette - 2019 Remaster,52,0.858,0.658,0.736,1,-6.054,303543
Prince - Purple Rain,Prince,Purple Rain,75,0.452,0.189,0.367,0,-10.422,520786
Prince - Raspberry Beret,Prince,Raspberry Beret,66,0.67,0.91,0.761,0,-12.759,215173
Prince - The Most Beautiful Girl In the World,Prince,The Most Beautiful Girl In the World,59,0.693,0.453,0.489,0,-4.952,265320
Prince - When Doves Cry,Prince,When Doves Cry,71,0.989,0.84,0.729,0,-4.613,352906
R. Kelly - Bump n' Grind,R. Kelly,Bump n' Grind,59,0.481,0.679,0.621,0,-8.016,256133
R. Kelly - Burn It Up (feat. Wysin & Yandell),R. Kelly,Burn It Up (feat. Wysin & Yandell),55,0.793,0.638,0.784,0,-4.573,231773
R. Kelly - Cookie,R. Kelly,Cookie,52,0.758,0.486,0.652,1,-4.737,225320
R. Kelly - I Believe I Can Fly,R. Kelly,I Believe I Can Fly,61,0.479,0.0395,0.535,0,-5.818,320706
R. Kelly - Ignition - Remix,R. Kelly,Ignition - Remix,69,0.559,0.852,0.757,0,-5.995,186546
R. Kelly - Same Girl (with Usher),R. Kelly,Same Girl (with Usher),62,0.583,0.816,0.717,1,-5.008,252933
Ray Charles - Georgia on My Mind,Ray Charles,Georgia on My Mind,58,0.411,0.276,0.295,0,-5.329,213398
"Ray Charles - Hallelujah, I Love Her So",Ray Charles,"Hallelujah, I Love Her So",65,0.547,0.623,0.696,0,-5.954,155506
Ray Charles - Here We Go Again,Ray Charles,Here We Go Again,65,0.238,0.623,0.427,0,-14.717,196906
Ray Charles - Hit the Road Jack,Ray Charles,Hit the Road Jack,76,0.832,0.94,0.603,0,-5.557,113939
Ray Charles - I Believe to My Soul,Ray Charles,I Believe to My Soul,57,0.268,0.344,0.692,0,-8.514,178952
Ray Charles - I Can't Stop Loving You,Ray Charles,I Can't Stop Loving You,62,0.444,0.235,0.318,0,-6.614,242392
Ray Charles - I've Got a Woman,Ray Charles,I've Got a Woman,69,0.61,0.665,0.556,0,-4.729,171466
Ray Charles - Mess Around,Ray Charles,Mess Around,59,0.962,0.92,0.564,0,-2.96,158373
"Ray Charles - What'd I Say, Pt. 1 & 2",Ray Charles,"What'd I Say, Pt. 1 & 2",62,0.681,0.794,0.54,0,-5.44,307053
Ray Charles - You Don't Know Me,Ray Charles,You Don't Know Me,57,0.447,0.435,0.308,0,-6.21,193299
Richard Marx - Angelia,Richard Marx,Angelia,57,0.728,0.401,0.531,0,-5.558,294133
Richard Marx - Don't Mean Nothing,Richard Marx,Don't Mean Nothing,43,0.862,0.783,0.655,0,-5.339,282640
Richard Marx - Endless Summer Nights,Richard Marx,Endless Summer Nights,60,0.695,0.863,0.528,0,-4.789,267533
Richard Marx - Hazard,Richard Marx,Hazard,63,0.58,0.316,0.732,0,-6.83,299373
Richard Marx - Hold On To The Nights,Richard Marx,Hold On To The Nights,55,0.207,0.184,0.353,0,-14.718,316040
Richard Marx - Now And Forever,Richard Marx,Now And Forever,68,0.293,0.185,0.436,0,-6.986,215240
Richard Marx - Right Here Waiting,Richard Marx,Right Here Waiting,78,0.365,0.107,0.519,0,-8.096,266720
Richard Marx - Satisfied,Richard Marx,Satisfied,44,0.649,0.563,0.518,0,-6.333,201080
Richard Marx - Should've Known Better,Richard Marx,Should've Known Better,50,0.834,0.462,0.445,0,-6.39,267626
Richard Marx - This I Promise You (Acoustic),Richard Marx,This I Promise You (Acoustic),43,0.375,0.447,0.558,0,-4.64,244546
Ricky Nelson - A Teenager's Romance,Ricky Nelson,A Teenager's Romance,51,0.242,0.633,0.589,0,-14.981,136773
Ricky Nelson - Fools Rush In,Ricky Nelson,Fools Rush In,42,0.651,0.867,0.655,0,-10.196,154360
Ricky Nelson - Garden Party,Ricky Nelson,Garden Party,55,0.247,0.803,0.774,0,-21.657,229800
"Ricky Nelson - Hello Mary Lou, Goodbye Heart - Remastered",Ricky Nelson,"Hello Mary Lou, Goodbye Heart - Remastered",59,0.633,0.931,0.602,0,-9.756,138546
Ricky Nelson - I Will Follow You,Ricky Nelson,I Will Follow You,62,0.442,0.749,0.671,0,-11.595,146133
Ricky Nelson - Lonesome Town,Ricky Nelson,Lonesome Town,63,0.173,0.313,0.508,0,-13.509,132709
Ricky Nelson - Never Be Anyone Else But You - Remastered,Ricky Nelson,Never Be Anyone Else But You - Remastered,48,0.45,0.711,0.577,0,-10.327,136266
Ricky Nelson - Poor Little Fool - Remastered,Ricky Nelson,Poor Little Fool - Remastered,58,0.338,0.81,0.474,0,-11.528,153933
Ricky Nelson - Travelin' Man - Remastered,Ricky Nelson,Travelin' Man - Remastered,62,0.44,0.843,0.723,0,-10.536,143200
Rihanna - Diamonds,Rihanna,Diamonds,74,0.71,0.393,0.564,0,-4.92,225146
Rihanna - Don't Stop The Music,Rihanna,Don't Stop The Music,72,0.669,0.542,0.835,0,-5.582,267080
Rihanna - Love On The Brain,Rihanna,Love On The Brain,86,0.637,0.378,0.509,1,-4.83,224000
Rihanna - Needed Me,Rihanna,Needed Me,84,0.314,0.296,0.671,1,-8.091,191600
Rihanna - Only Girl (In The World),Rihanna,Only Girl (In The World),85,0.716,0.595,0.786,0,-4.253,235520
Rihanna - S&M,Rihanna,S&M,83,0.682,0.833,0.766,1,-5.02,243533
Rihanna - Stay,Rihanna,Stay,73,0.31,0.125,0.621,0,-10.164,240706
Rihanna - Umbrella,Rihanna,Umbrella,73,0.829,0.575,0.583,0,-4.603,275986
Rihanna - We Found Love,Rihanna,We Found Love,86,0.766,0.6,0.734,0,-4.485,215226
Rod Stewart - All for Love,Rod Stewart,All for Love,69,0.44,0.135,0.51,0,-11.015,281200
Rod Stewart - Baby Jane - 2008 Remaster,Rod Stewart,Baby Jane - 2008 Remaster,65,0.796,0.727,0.641,0,-8.56,283493
Rod Stewart - Da Ya Think I'm Sexy?,Rod Stewart,Da Ya Think I'm Sexy?,74,0.507,0.843,0.714,0,-13.965,257906
Rod Stewart - Have I Told You Lately - 2008 Remaster,Rod Stewart,Have I Told You Lately - 2008 Remaster,63,0.366,0.291,0.523,0,-14.069,241506
Rod Stewart - Have You Ever Seen The Rain,Rod Stewart,Have You Ever Seen The Rain,63,0.808,0.762,0.615,0,-6.19,192146
Rod Stewart - I Don't Want to Talk About It - 1989 Version,Rod Stewart,I Don't Want to Talk About It - 1989 Version,60,0.452,0.351,0.477,0,-10.682,290040
Rod Stewart - I Don't Want to Talk About It - 2008 Remaster,Rod Stewart,I Don't Want to Talk About It - 2008 Remaster,66,0.373,0.459,0.472,0,-12.98,288266
Rod Stewart - Maggie May,Rod Stewart,Maggie May,72,0.657,0.517,0.599,0,-7.769,347586
Rod Stewart - Sailing,Rod Stewart,Sailing,69,0.401,0.172,0.414,0,-9.223,277520
Stevie Wonder - For Once In My Life,Stevie Wonder,For Once In My Life,77,0.519,0.847,0.524,0,-11.903,169800
Stevie Wonder - I Just Called To Say I Love You,Stevie Wonder,I Just Called To Say I Love You,76,0.448,0.581,0.717,0,-13.425,376293
Stevie Wonder - Isn't She Lovely,Stevie Wonder,Isn't She Lovely,68,0.782,0.831,0.471,0,-7.712,393226
Stevie Wonder - My Cherie Amour,Stevie Wonder,My Cherie Amour,69,0.507,0.514,0.574,0,-11.343,173306
"Stevie Wonder - Signed, Sealed, Delivered (I'm Yours)",Stevie Wonder,"Signed, Sealed, Delivered (I'm Yours)",78,0.619,0.807,0.67,0,-10.365,161000
Stevie Wonder - Sir Duke,Stevie Wonder,Sir Duke,73,0.577,0.96,0.592,0,-10.265,231826
Stevie Wonder - You Are The Sunshine Of My Life,Stevie Wonder,You Are The Sunshine Of My Life,71,0.46,0.675,0.519,0,-14.53,178200
TLC - Ain't 2 Proud 2 Beg,TLC,Ain't 2 Proud 2 Beg,46,0.707,0.712,0.674,0,-10.799,336560
TLC - Baby-Baby-Baby,TLC,Baby-Baby-Baby,52,0.597,0.9,0.679,0,-8.601,315040
TLC - Creep,TLC,Creep,68,0.458,0.797,0.811,0,-9.688,268533
TLC - Diggin' On You,TLC,Diggin' On You,56,0.631,0.456,0.719,0,-7.411,254560
TLC - No Scrubs,TLC,No Scrubs,84,0.666,0.578,0.736,0,-4.268,214440
TLC - Red Light Special,TLC,Red Light Special,57,0.449,0.364,0.52,0,-8.957,303960
TLC - Unpretty,TLC,Unpretty,62,0.636,0.532,0.648,0,-6.054,278000
TLC - Waterfalls,TLC,Waterfalls,75,0.505,0.757,0.769,0,-7.345,279506
TLC - What About Your Friends,TLC,What About Your Friends,53,0.851,0.626,0.744,0,-10.108,293600
Taylor Swift - Anti-Hero,Taylor Swift,Anti-Hero,89,0.649,0.497,0.637,0,-6.59,200690
Taylor Swift - Blank Space,Taylor Swift,Blank Space,74,0.703,0.57,0.76,0,-5.412,231826
Taylor Swift - Cruel Summer,Taylor Swift,Cruel Summer,97,0.702,0.564,0.552,0,-5.707,178426
Taylor Swift - Dont Blame Me,Taylor Swift,Dont Blame Me,88,0.534,0.193,0.615,0,-6.719,236413
Taylor Swift - Is It Over Now? (Taylor's Version) (From The Vault),Taylor Swift,Is It Over Now? (Taylor's Version) (From The Vault),88,0.656,0.191,0.595,0,-7.343,229477
Taylor Swift - Karma,Taylor Swift,Karma,85,0.614,0.0956,0.647,1,-7.091,204852
Taylor Swift - Love Story (Taylors Version),Taylor Swift,Love Story (Taylors Version),81,0.792,0.415,0.627,0,-4.311,235766
Taylor Swift - Lover,Taylor Swift,Lover,90,0.543,0.453,0.359,0,-7.582,221306
Taylor Swift - august,Taylor Swift,august,88,0.634,0.42,0.387,0,-9.222,261920
Taylor Swift - cardigan,Taylor Swift,cardigan,89,0.58,0.534,0.612,0,-8.572,239560
The Beach Boys - California Girls - Remix/Remastered 2001,The Beach Boys,California Girls - Remix/Remastered 2001,59,0.62,0.713,0.503,0,-6.069,160360
The Beach Boys - Don't Worry Baby - Remastered 2001,The Beach Boys,Don't Worry Baby - Remastered 2001,66,0.464,0.851,0.487,0,-9.821,169933
"The Beach Boys - Fun, Fun, Fun (Mono)",The Beach Boys,"Fun, Fun, Fun (Mono)",58,0.796,0.97,0.517,0,-6.313,138906
The Beach Boys - God Only Knows - Remastered 1996,The Beach Boys,God Only Knows - Remastered 1996,66,0.461,0.31,0.438,0,-9.338,174906
The Beach Boys - Good Vibrations - Remastered 2001,The Beach Boys,Good Vibrations - Remastered 2001,71,0.473,0.385,0.396,0,-7.67,219026
The Beach Boys - I Get Around (Mono),The Beach Boys,I Get Around (Mono),66,0.625,0.514,0.39,0,-7.813,134386
The Beach Boys - Kokomo,The Beach Boys,Kokomo,73,0.714,0.803,0.706,0,-6.819,230856
The Beach Boys - Wouldn't It Be Nice,The Beach Boys,Wouldn't It Be Nice,75,0.629,0.72,0.392,0,-7.056,153205
The Beatles - Blackbird - Remastered 2009,The Beatles,Blackbird - Remastered 2009,79,0.127,0.372,0.686,0,-14.361,138386
The Beatles - Come Together - Remastered 2009,The Beatles,Come Together - Remastered 2009,79,0.376,0.187,0.533,0,-11.913,259946
The Beatles - Here Comes The Sun - Remastered 2009,The Beatles,Here Comes The Sun - Remastered 2009,86,0.54,0.394,0.557,0,-10.484,185733
The Beatles - Hey Jude - 2015 Mix,The Beatles,Hey Jude - 2015 Mix,67,0.554,0.574,0.38,0,-9.093,431453
The Beatles - In My Life - Remastered 2009,The Beatles,In My Life - Remastered 2009,79,0.435,0.435,0.688,0,-11.359,146333
The Beatles - Let It Be - Remastered 2009,The Beatles,Let It Be - Remastered 2009,79,0.403,0.41,0.443,0,-8.339,243026
The Beatles - Something - Remastered 2009,The Beatles,Something - Remastered 2009,75,0.338,0.377,0.396,0,-10.872,182293
The Beatles - Twist And Shout - Remastered 2009,The Beatles,Twist And Shout - Remastered 2009,80,0.849,0.937,0.482,0,-9.198,155226
The Beatles - Yesterday - Remastered 2009,The Beatles,Yesterday - Remastered 2009,80,0.179,0.315,0.332,0,-11.83,125666
The Everly Brothers - ('Til) I Kissed You,The Everly Brothers,('Til) I Kissed You,50,0.458,0.629,0.576,0,-10.341,144533
The Everly Brothers - All I Have To Do Is Dream,The Everly Brothers,All I Have To Do Is Dream,60,0.405,0.555,0.59,0,-10.268,141560
The Everly Brothers - Bye Bye Love,The Everly Brothers,Bye Bye Love,51,0.523,0.89,0.547,0,-9.176,142906
The Everly Brothers - Cathy's Clown - 2007 Remaster,The Everly Brothers,Cathy's Clown - 2007 Remaster,51,0.561,0.89,0.507,0,-10.472,145933
The Everly Brothers - Crying In the Rain (Single Version),The Everly Brothers,Crying In the Rain (Single Version),55,0.442,0.512,0.633,0,-7.941,121453
The Everly Brothers - Devoted to You,The Everly Brothers,Devoted to You,54,0.174,0.472,0.512,0,-13.465,144466
The Everly Brothers - Let It Be Me,The Everly Brothers,Let It Be Me,57,0.137,0.227,0.221,0,-14.466,158560
The Everly Brothers - Love Hurts - 2007 Remaster,The Everly Brothers,Love Hurts - 2007 Remaster,48,0.246,0.539,0.65,0,-16.171,142306
The Everly Brothers - Wake Up Little Susie,The Everly Brothers,Wake Up Little Susie,50,0.725,0.84,0.705,0,-7.529,126640
The Everly Brothers - Walk Right Back - 2022 Remaster,The Everly Brothers,Walk Right Back - 2022 Remaster,46,0.396,0.828,0.579,0,-12.693,139306
The Miracles - Do It Baby,The Miracles,Do It Baby,38,0.558,0.871,0.719,0,-10.063,184253
The Miracles - I Don't Need No Reason,The Miracles,I Don't Need No Reason,39,0.721,0.912,0.377,0,-7.415,129973
The Miracles - I'll Try Something New,The Miracles,I'll Try Something New,39,0.526,0.815,0.436,0,-8.643,158346
The Miracles - Love Machine,The Miracles,Love Machine,41,0.984,0.721,0.739,0,-4.52,415133
The Miracles - Shop Around,The Miracles,Shop Around,50,0.7,0.901,0.552,0,-4.533,170760
The Miracles - You've Really Got A Hold On Me,The Miracles,You've Really Got A Hold On Me,62,0.448,0.567,0.68,0,-8.398,177706
The Pointer Sisters - Automatic,The Pointer Sisters,Automatic,52,0.624,0.935,0.786,0,-9.607,287160
The Pointer Sisters - Fire,The Pointer Sisters,Fire,56,0.615,0.637,0.65,0,-9.332,210640
The Pointer Sisters - Happiness,The Pointer Sisters,Happiness,43,0.843,0.494,0.627,0,-7.677,239933
The Pointer Sisters - He's so Shy,The Pointer Sisters,He's so Shy,53,0.736,0.967,0.871,0,-7.896,218320
The Pointer Sisters - I'm So Excited,The Pointer Sisters,I'm So Excited,74,0.868,0.798,0.59,0,-5.832,230640
"The Pointer Sisters - I'm So Excited - 12"" Remix",The Pointer Sisters,"I'm So Excited - 12"" Remix",41,0.738,0.875,0.592,0,-8.355,293920
The Pointer Sisters - Jump (Original Mix),The Pointer Sisters,Jump (Original Mix),64,0.826,0.813,0.846,0,-7.909,262560
The Pointer Sisters - Neutron Dance,The Pointer Sisters,Neutron Dance,51,0.816,0.922,0.716,0,-8.226,252106
The Pointer Sisters - Slow Hand,The Pointer Sisters,Slow Hand,59,0.558,0.359,0.826,0,-7.766,231960
The Rolling Stones - (I Can't Get No) Satisfaction - Mono Version,The Rolling Stones,(I Can't Get No) Satisfaction - Mono Version,79,0.863,0.931,0.723,0,-7.89,222813
The Rolling Stones - Angie - Remastered 2009,The Rolling Stones,Angie - Remastered 2009,74,0.507,0.42,0.424,0,-7.757,272731
The Rolling Stones - Beast Of Burden - Remastered 1994,The Rolling Stones,Beast Of Burden - Remastered 1994,78,0.878,0.885,0.783,0,-3.864,265173
The Rolling Stones - Honky Tonk Women,The Rolling Stones,Honky Tonk Women,70,0.778,0.969,0.548,0,-6.367,181395
The Rolling Stones - Miss You - Remastered,The Rolling Stones,Miss You - Remastered,72,0.683,0.851,0.795,0,-5.621,288666
"The Rolling Stones - Paint It, Black",The Rolling Stones,"Paint It, Black",85,0.793,0.615,0.483,0,-8.737,203395
The Rolling Stones - Start Me Up - Remastered 2009,The Rolling Stones,Start Me Up - Remastered 2009,81,0.903,0.966,0.625,0,-4.552,213008
The Rolling Stones - Sympathy For The Devil - 50th Anniversary Edition,The Rolling Stones,Sympathy For The Devil - 50th Anniversary Edition,74,0.668,0.561,0.702,0,-9.237,378146
The Rolling Stones - Wild Horses - 2009 Mix,The Rolling Stones,Wild Horses - 2009 Mix,71,0.392,0.169,0.435,0,-6.501,342813
The Supremes - Baby Love,The Supremes,Baby Love,69,0.609,0.651,0.554,0,-7.728,157413
The Supremes - Come See About Me,The Supremes,Come See About Me,62,0.612,0.773,0.719,0,-9.15,159893
The Supremes - I Hear A Symphony,The Supremes,I Hear A Symphony,51,0.476,0.373,0.563,0,-7.289,160400
The Supremes - My World Is Empty Without You,The Supremes,My World Is Empty Without You,50,0.761,0.82,0.47,0,-6.775,154386
"The Supremes - River Deep, Mountain High",The Supremes,"River Deep, Mountain High",36,0.821,0.921,0.49,0,-9.034,189306
The Supremes - Stoned Love,The Supremes,Stoned Love,42,0.657,0.486,0.547,0,-6.86,177346
The Supremes - Stop! In The Name Of Love,The Supremes,Stop! In The Name Of Love,65,0.574,0.497,0.621,0,-6.577,173986
The Supremes - Where Did Our Love Go,The Supremes,Where Did Our Love Go,66,0.401,0.434,0.52,0,-8.519,152026
The Supremes - You Can't Hurry Love,The Supremes,You Can't Hurry Love,74,0.619,0.626,0.43,0,-8.447,166240
The Supremes - You Keep Me Hangin' On,The Supremes,You Keep Me Hangin' On,57,0.509,0.711,0.701,0,-8.603,161666
The Temptations - Ain't No Mountain High Enough,The Temptations,Ain't No Mountain High Enough,29,0.86,0.713,0.756,0,-6.186,251013
The Temptations - Ain't Too Proud To Beg,The Temptations,Ain't Too Proud To Beg,68,0.589,0.961,0.829,0,-7.853,172986
The Temptations - Get Ready,The Temptations,Get Ready,64,0.587,0.791,0.638,0,-8.644,176666
The Temptations - I Can't Get Next To You,The Temptations,I Can't Get Next To You,53,0.83,0.684,0.793,0,-8.988,179786
The Temptations - I Wish It Would Rain,The Temptations,I Wish It Would Rain,56,0.623,0.555,0.471,0,-8.043,194053
The Temptations - I'm Gonna Make You Love Me,The Temptations,I'm Gonna Make You Love Me,52,0.393,0.427,0.635,0,-11.894,187333
The Temptations - Just My Imagination (Running Away With Me),The Temptations,Just My Imagination (Running Away With Me),63,0.242,0.477,0.425,0,-15.424,228160
The Temptations - My Girl,The Temptations,My Girl,82,0.487,0.886,0.76,0,-9.17,180893
The Temptations - The Way You Do The Things You Do,The Temptations,The Way You Do The Things You Do,58,0.602,0.892,0.753,0,-9.418,179093
The Weeknd - Blinding Lights,The Weeknd,Blinding Lights,91,0.727,0.342,0.518,0,-5.947,200045
The Weeknd - Die For You,The Weeknd,Die For You,87,0.498,0.456,0.483,0,-8.131,260255
The Weeknd - Save Your Tears,The Weeknd,Save Your Tears,88,0.817,0.623,0.684,1,-5.499,215627
The Weeknd - Starboy,The Weeknd,Starboy,92,0.587,0.486,0.679,1,-7.015,230453
The Weeknd - Stargirl Interlude,The Weeknd,Stargirl Interlude,86,0.474,0.441,0.638,0,-12.7,111640
The Weeknd - The Hills,The Weeknd,The Hills,87,0.564,0.137,0.585,1,-7.063,242253
Three Dog Night - An Old Fashioned Love Song,Three Dog Night,An Old Fashioned Love Song,46,0.451,0.748,0.516,0,-13.583,203373
Three Dog Night - Black And White,Three Dog Night,Black And White,45,0.673,0.943,0.644,0,-11.814,225133
Three Dog Night - Easy To Be Hard - Single Version,Three Dog Night,Easy To Be Hard - Single Version,40,0.433,0.294,0.329,0,-10.582,193333
Three Dog Night - Joy To The World,Three Dog Night,Joy To The World,66,0.726,0.968,0.591,0,-13.545,214960
Three Dog Night - Mama Told Me (Not To Come) - Single Version,Three Dog Night,Mama Told Me (Not To Come) - Single Version,64,0.771,0.719,0.657,0,-9.026,199160
Three Dog Night - Never Been To Spain - Single Version,Three Dog Night,Never Been To Spain - Single Version,60,0.682,0.724,0.513,0,-8.963,224306
Three Dog Night - One - Single Version,Three Dog Night,One - Single Version,53,0.519,0.442,0.348,0,-8.468,183800
Three Dog Night - Out In The Country,Three Dog Night,Out In The Country,49,0.577,0.511,0.592,0,-10.421,188040
Three Dog Night - Shambala - Single Version,Three Dog Night,Shambala - Single Version,59,0.769,0.834,0.604,0,-8.383,205560
Whitney Houston - Greatest Love of All,Whitney Houston,Greatest Love of All,69,0.399,0.29,0.534,0,-10.45,296600
Whitney Houston - Higher Love,Whitney Houston,Higher Love,75,0.631,0.384,0.686,0,-8.744,228193
Whitney Houston - How Will I Know,Whitney Houston,How Will I Know,72,0.683,0.663,0.758,0,-5.465,213294
Whitney Houston - I Have Nothing,Whitney Houston,I Have Nothing,77,0.401,0.24,0.541,0,-10.499,289160
Whitney Houston - I Wanna Dance with Somebody (Who Loves Me),Whitney Houston,I Wanna Dance with Somebody (Who Loves Me),85,0.81,0.879,0.708,0,-8.71,292738
Whitney Houston - I Will Always Love You,Whitney Houston,I Will Always Love You,79,0.214,0.11,0.332,0,-12.518,271093
Whitney Houston - My Love Is Your Love,Whitney Houston,My Love Is Your Love,68,0.451,0.454,0.769,0,-10.033,261515
Whitney Houston - Saving All My Love for You,Whitney Houston,Saving All My Love for You,70,0.359,0.237,0.393,0,-10.092,239315
Whitney Houston - When You Believe - from The Prince of Egypt,Whitney Houston,When You Believe - from The Prince of Egypt,66,0.391,0.126,0.436,0,-9.62,272893
